f9a212bf7a1f4f7399e2bea018ff52b3,b05b0034cba34ad4a707b4e67f681c71,15152042581,陕西省,延安市,5,2020-4-12 17:34
1c5d060abf2b4a729bce1802e3ce2b33,23b60a8ff11342fcadab3a397356ba33,15152049352,陕西省,延安市,3,2020-4-12 21:20
f10f6e1745334938adf07979e26a35b4,1db33366c0e84f248ade1efba0bb9227,13905224124,河北省,保定市,2,2020-4-12 16:37
b2c39398977a4e6db50dc29934c6ebd0,46cfb3c4b94a470792ace0efdd2df11a,13905223853,河南省,郑州市,4,2020-4-12 2:34
4b7c339261d4423f96ec295bd4d2f465,878f401c9ca6437585ce1187053c220a,13905223356,湖北省,随州市,3,2020-4-12 6:16
50a5ce14c0b34c0cb0f974d16e0ea480,44165cf545734bf6a114aa641479e828,15895252169,陕西省,西安市,3,2020-4-12 10:43
9f5691919b0142319081903e4ee4b564,475976fccf3647da9019c4a447e9ae6f,15895257014,陕西省,咸阳市,5,2020-4-12 8:44
a26ab3b3696b44f3a44f0f5238d448b6,52dffa4535e846fb8985f87008ae2fc9,13905222462,甘肃省,定西市,1,2020-4-12 21:24
1688d40ae21e4fee8e26e179245a2ea1,721664be29b84dd09c7fe3404d8c6196,15895258818,陕西省,榆林市,2,2020-4-12 6:03
c84032b03135460b9b2d43d6cc46e195,a17074d3fa3347dd94d9d03a97c79c7d,15895257341,陕西省,榆林市,1,2020-4-12 22:04
f20742da39f6423fb69765c2908f3af2,2bbff61a94ba49f3aa0416f34d5801aa,15895257720,北京市,北京市,2,2020-4-12 6:39
c90e4dee7b55405b8750c54c7acc96bc,93c0bc70a1a3488fb0c3d8d48d7b43de,15895259601,河北省,承德市,3,2020-4-12 8:17
4e7b8ea23a9746a4a4c77bb85cb1349c,018bd63fa3bf4bff82302171944ec150,15895256287,辽宁省,铁岭市,4,2020-4-12 4:42
2e7e54765ed24a05ac8839f0247d7954,757258b5d1064734b3fc9caafedb1acc,15152045182,吉林省,辽源市,1,2020-4-12 12:39
be0cad4df6084764b8eb3c362b7f693f,552b5304c967482e9cedd5dc2d41d7a9,13905224158,吉林省,长春市,1,2020-4-12 19:28
e6ba27a2800d4d68a5bbd9a929cd495b,8b83bffaf5ec491bb0db6013210ac758,13905229177,吉林省,长春市,4,2020-4-12 1:24
61a84b45ee9b4969a2341d872691b4ca,3eefb3042b4d46d8aba1ab5e9f215024,13905228604,吉林省,吉林市,2,2020-4-12 11:21
9ab5d4c5093646c8bb0b7f91f2211de8,56e56e016f7b40deae789683f9bce4f9,15152041839,辽宁省,抚顺市,3,2020-4-12 15:39
a340e4eac14a4513b64174af02426e13,d2d6da2ea3a148a786cd456832422806,13905223476,吉林省,四平市,1,2020-4-12 17:29
db8d26a374574b008ab0e3c61268c503,7a8ef5ce203844ed9a590d70f34db0bb,15152045093,吉林省,四平市,2,2020-4-12 6:26
42ff5166c1a34a12bca74d252b58be06,8dd2946cf1024816be6f7d8ff66b7fdf,15152047600,黑龙江省,哈尔滨市,3,2020-4-12 3:12
2f74dbeb83e34dfe8f8c4224aa6698cb,904727e5324a428f87420d5071a0bd89,15152044543,黑龙江省,哈尔滨市,1,2020-4-12 3:01
6a1ef50a4bb247e48a5a9585be244215,0de353be17f5428e8604a312b0e407d7,15895256338,黑龙江省,哈尔滨市,1,2020-4-12 9:05
011bb5a52d1040e889959b9b1debe816,25af8eb54d8d4a438b4f9fe4624525e5,13905227079,吉林省,吉林市,1,2020-4-12 4:06
52b3115dcd8f4871b92fa441610c1896,8518187483d240a3a4a0078a397bb022,13905220796,河北省,张家口市,5,2020-4-12 9:56
a2ba07011cc14069830486ecedc59ec0,fdb9c5f16da04a44a63112dc563ef141,15895251736,北京市,北京市,2,2020-4-12 20:07
c1a451c9aad44092bf6e48d1a2b9c3dc,1042bdf06c324c5fbdfa813eb2bc084c,13905225184,河北省,廊坊市,3,2020-4-12 10:58
e40b8bc92ced42adb8b88cb02ccfa6b3,1b05523666f74a9ba05855a752a05253,15895250236,北京市,北京市,5,2020-4-12 22:17
0bc42c6f0ebd485496d78f2029022b1b,16dc018edbb54de8b28d4375a18ce592,13905220720,河北省,廊坊市,4,2020-4-12 18:25
8576cc5f225e4a51a39f68d76116d54a,14a11e7aaad0441991bb0c28d30e49e3,13905220564,天津市,天津市,1,2020-4-12 17:16
b17096a4e56747f5b86f2341fb114c29,36a4ad722b944758b45dcc601d022d9a,15895251212,北京市,北京市,1,2020-4-12 8:21
05559f5c696243e1b6f5328fe6bd55b2,3eba1a57c4074ed7b6c9b16ca18c194d,15895253311,北京市,北京市,5,2020-4-12 11:57
22c84c9d81d847189d4aba24d7ec846c,1586c69c05a644a28ac5930712925c80,15152044444,河北省,张家口市,5,2020-4-12 8:29
9a6867b5fd50475e90e58f8bdd168d0b,692cd4715f3247e8b520a935a9208f6d,13905229773,河北省,张家口市,1,2020-4-12 18:34
f529f77768d64ad08c04b1472974a726,a8393cb6221641c2a17818269774e11c,15152040532,河北省,保定市,4,2020-4-12 13:23
1dde07ec71c4472583adecfedeaf9c8d,0679886aa70e42658e3671a0dbe68f6c,15152048807,北京市,北京市,5,2020-4-12 23:11
837293d8d6f346a693572c158fe826e5,a62d2b681eeb4537a0ef3b2eb644a09d,13905226063,北京市,北京市,5,2020-4-12 22:20
a396a449002b460bb524d6de6862dab1,09f22acb69494cfdaac67b2194dff306,15895257164,北京市,北京市,5,2020-4-12 13:09
4b9d3de0fb604426af2f5c08d7fa1a61,210d668a235740cabbc21bfca805c6c2,15895251192,河北省,张家口市,2,2020-4-12 2:44
753a568395b2455794e432d61923ee73,324fb332738643ecae8fc955fa8be829,15895253404,河北省,张家口市,3,2020-4-12 20:14
52e3f148b8644baaa54a6e8cacae367b,8eefbbebdeae4a77bab4f1ba5e35e290,15895258461,河北省,保定市,5,2020-4-12 3:21
370c2efcc8fa4608b4052f85d03d5851,63802abcd02b4c0db71c978b95f8d28b,15895252076,河北省,保定市,2,2020-4-12 19:45
5bb6dbb56e254c31a7d58625a12d3d34,8207c5b87e85468183b88809048fb5e0,15895255101,河北省,保定市,2,2020-4-12 0:36
a0cf88f45498477eb9611f744e2152c5,9b98385e8cb644e2944bbed6289d0bf9,15152046741,河北省,保定市,2,2020-4-12 1:30
979d10159e984b4ca80a69b0b54ec2db,f92037e643964fb6b884f15a9dd80069,15895256733,北京市,北京市,4,2020-4-12 7:13
d84b76f29f184553a5c0123b884a0bec,ac8cf65d66044cef901dd8bc563f0487,15152042048,北京市,北京市,5,2020-4-12 5:01
cfb929a409ca4cf9b3f1d1f6402792f1,ab3b08e8d8034215aa6a860603ba577b,15895250131,北京市,北京市,4,2020-4-12 2:35
12d99d6da3ea43cbb7a1481578a093ea,3fb7f4af1d9641d4aff378543eddf4cd,15152042558,河北省,张家口市,1,2020-4-12 4:26
2c6d90bf4ba34969a91d7eb6e05629a0,83ff5888fa2e4695a7a94cf75a39bc59,15895256367,河北省,张家口市,3,2020-4-12 22:34
9140286b3b424718a4f4682a9019c2b1,6eac5722994d43b2a94e1e40c7697630,13905225448,山西省,大同市,2,2020-4-12 18:38
a7f6217b727f41cd98ff28b2720e3025,7d13e16574ac431e99ef0a654a9d269b,15152042343,山西省,大同市,4,2020-4-12 19:23
826deccd2c5840e49af1f7da7684451b,93db30243de0434bb7717fead59ec9c6,15152041653,河北省,张家口市,5,2020-4-12 18:18
e8708919b20645c6a71818572f98c7e2,21c392e5527841e5a9914442277c11f7,15152048578,河北省,张家口市,1,2020-4-12 0:13
f9744de80bf442a8a7d8facae4d42fa8,be8c540346304240856bcc3c3323a97d,15152042834,河北省,张家口市,1,2020-4-12 6:40
f1887ef2020b4af58d15c479b83fd9a8,a2cf13f781374fec817cb3943c4ec29e,15152046482,河北省,承德市,2,2020-4-12 1:25
4d19cb757bfc4cfba6446492361096e8,fd8dead432d2489fa43921aeee3494ba,15152043972,北京市,北京市,5,2020-4-12 10:31
80b0891fbeca474994932b4604c7a5d5,2b8b010d91674a3f99a0a8d4d878a0d2,15895252784,北京市,北京市,5,2020-4-12 21:54
f82bf20cf43a43158c6845f13e5cd442,9fda289205db43cf98846f86ecf3ad86,15152041010,天津市,天津市,5,2020-4-12 14:03
b4c56255b2a24559bb8f35b5d8386357,d231007472544067ba4b7a0e43bf60f8,13905227740,河北省,保定市,1,2020-4-12 7:11
4eb542afe37d4784a7bf62df3c31e152,13de2f3dfb93402ab0ad66caa6f3fbbb,13905227014,河北省,保定市,3,2020-4-12 7:48
8e6505ed0d96455b8fcb7ea9fd0443a8,63bb7cb269af4b6d968aad3ea458b7f3,13905229073,北京市,北京市,3,2020-4-12 7:57
6d2b14f9fab64f41b99b655814e248d2,1ecad5291e904de78699518f55285e1b,13905228625,北京市,北京市,2,2020-4-12 13:44
5b42a3fd1013431eb450712fa7d86008,174ee146ff0d41fea3fa3dd4f573f955,13905224155,北京市,北京市,2,2020-4-12 5:58
f55bea41d8a1476b961e45d6a2cb47aa,6a033545e9ca45e6b70a0ad2eb77f020,15152046936,河北省,张家口市,1,2020-4-12 11:13
0d17710fb4a44013af516180602f2c76,6f62ac82c58f4d4a9eecc5128debb94e,15152048951,河北省,张家口市,1,2020-4-12 10:27
9416ae98de614db98eb73004d49a8f79,574f5967bb2a4b0c9042caf82aa099d6,15152042883,河北省,张家口市,5,2020-4-12 1:07
c9f52a52bf6c4763a4062faddb06aa77,a07de992ac0740b8b9910202c638a5c9,13905222304,内蒙古自治区,鄂尔多斯市,2,2020-4-12 6:49
918cd5d37c364618a8abe7071e0fe5b9,84b5f11e846c45ce9751575ca098d943,15895259249,内蒙古自治区,乌兰察布市,5,2020-4-12 2:29
4a17e8b8ca3f49a38980d241f693ddda,e08a0c8a992545c5a0207e41fda16d17,13905224510,内蒙古自治区,呼和浩特市,5,2020-4-12 16:39
8f81edfdec804657bad18d2501e12a6f,78e8271fea514cafbcdb7439adb8a867,13905224968,内蒙古自治区,乌兰察布市,2,2020-4-12 7:49
63084c12ea8c44a7bae5adf770ec0a4a,dd59ace3132f4db6ae39ce8f6c00a0f8,15895252252,内蒙古自治区,乌兰察布市,3,2020-4-12 0:36
bf55b8d2e6be49c7ade022b464608dde,d426331953a94ea3bb99a6a3706c0fc8,15895252934,内蒙古自治区,呼和浩特市,5,2020-4-12 20:03
dfa29955ad30415ca9427a6e6166e629,66ee238a5e40485a81776d475b46c963,13905227511,内蒙古自治区,呼和浩特市,2,2020-4-12 14:54
e9ba16d919f74e4191b9dab073735557,d9d887eda48549b1b587d50ae9f87f17,13905227112,内蒙古自治区,乌兰察布市,5,2020-4-12 17:47
bd130b0a96a247e592f2fe2c3d765192,58bfd7db7a27434e9d7e168dc5fd954e,15895253200,宁夏回族自治区,石嘴山市,5,2020-4-12 5:32
1f0a36e882624784bad182f701b11baa,34d82a5b22e54d1e9b656d1034bcee0f,13905229205,内蒙古自治区,鄂尔多斯市,5,2020-4-12 21:13
f377a2cfdba74228a40d641b78d7924d,0b9d6ae056a14345aa69d701f8bfc6e3,15895251450,宁夏回族自治区,银川市,2,2020-4-12 12:11
d2c239ad06d74a5db5232645e21ad8a4,9501633e149547d68426e47622239d16,15152046705,宁夏回族自治区,银川市,3,2020-4-12 3:13
843d27e163634ca09ca2dc93f43b5d9a,6e1e0e2d2f6a4bef8753177569acd2e3,13905227371,青海省,西宁市,1,2020-4-12 19:42
d595057ce0b54a3ca3c311b54c27c6b6,400d0b2bc3f146dab96d1b8a44bc359d,15152045795,青海省,海南藏族自治州,2,2020-4-12 8:33
fdf6115b1cf64f5f91626581434ca3e7,3ad590df0a794876aefeb23483c706c7,15895259289,青海省,海南藏族自治州,2,2020-4-12 3:55
d0b6e76947594214a1a8bd42c10d285b,a01d92281895470e87045198ca810652,15152041869,青海省,海东地区,3,2020-4-12 17:16
4895b28975c84f73b2b56118594145cb,7c71b0d613cb455cadf819969bcc3805,15895259712,青海省,海北藏族自治州,4,2020-4-12 19:21
aa900c7101714e3daf2c3bef873063ad,89bce23f62ce40b89f5a8b4ea5f854b3,13905221918,青海省,海北藏族自治州,5,2020-4-12 15:22
9280186dc518462f9d8736d040737a1e,39cec85d51d84990aaa3275419c1b3c9,15152043665,新疆维吾尔自治区,乌鲁木齐市,5,2020-4-12 23:31
64c4d548b3a94ae49e27c0e392ee41a7,80f138956c70455d8954bf38ccfd7289,15152042346,新疆维吾尔自治区,乌鲁木齐市,5,2020-4-12 22:13
be9d5d14fac44d3aad2ba84961b22bfb,a20628d509ea485da3b90e14f99992f9,13905220022,新疆维吾尔自治区,乌鲁木齐市,4,2020-4-12 18:07
2e48b4dff9414812aeef617e2cbfea28,263c84931d5e44dda58ecfe6e6b5dd94,15152043896,新疆维吾尔自治区,乌鲁木齐市,4,2020-4-12 22:59
174656a64b8245b191df29e4258483da,daeb20604e3e4581b77d1562690597a6,13905226139,新疆维吾尔自治区,乌鲁木齐市,2,2020-4-12 12:24
768aef276ab048998c864c48a8a99426,6fa71978c3ff40c2bc36908dd6a1a0b0,13905227154,新疆维吾尔自治区,吐鲁番地区,3,2020-4-12 7:57
4a9ffd0a69334de29bba8885878ccacb,640ab1e968944c87b05afdbfd9b6e246,13905227175,新疆维吾尔自治区,乌鲁木齐市,1,2020-4-12 13:44
a60752683d2d4fd8a0847657eb250b12,69f5c66bae474c5b8b1f883b97579c01,13905220555,西藏自治区,拉萨市,1,2020-4-12 5:58
5da803e49d97461689ce1be8d770b299,8b91e25a8c5f47e198e80b293e0b5666,13905225969,西藏自治区,拉萨市,2,2020-4-12 11:13
000f6a31fffb4dc7813a2daf66757668,d4b1c3fda60f4e3cbbbe4ab706b3f817,13905227442,西藏自治区,拉萨市,4,2020-4-12 10:27
3e883641c4ab45069ebf655fcbb4ac08,eb65d6fb52da4373805ec155c66c731c,15895250108,西藏自治区,林芝地区,1,2020-4-12 1:07
8b52a5b6306f45d2b32d600d230586c3,3daf5492764f4142bfb7508333e0c8a0,13905221539,西藏自治区,山南地区,4,2020-4-12 6:49
20aa8ebfac0443bd83dc01331f47de7e,3cb2e174413045fdbd5376e10d2972a9,15152045269,四川省,成都市,5,2020-4-12 2:29
e8ff942dfc9e43ad9ab0fe578cc7eb6f,6f73f20728864f209a235a5a899f29df,15895259676,四川省,内江市,1,2020-4-12 16:39
31a301e350f040f196b2cfe7a19ec455,635340b468314ee28162c313fc835ebb,15895256478,四川省,成都市,2,2020-4-12 7:49
22a924da09374f8db217117022abd1b8,eee946e6ba6a4a57954e08b7c3f97a14,15152045402,四川省,资阳市,3,2020-4-12 0:36
c31bbaf929514e27801f5fd6fa6fcbde,5d35662466234e76a9c564c9434968d9,15152046302,四川省,绵阳市,5,2020-4-12 20:03
760e366a5ade495ca8d18e7e36e343d2,8c88a30a8fc047ae89612660ea21f450,13905228561,四川省,成都市,3,2020-4-12 14:54
a4d9f624224b4e2697cd7143394570ba,958a659a6edd482ba7df31a5b39ca2e5,15895256388,四川省,达州市,4,2020-4-12 17:47
d38e8dece56c4d1d8be8679937fe2c66,9004c38c7dd940bd840cd5db2104f46f,15152043164,重庆市,重庆市,4,2020-4-12 5:32
0c9404818fa74f1ca65f8bf318eaedce,b76cd6603b98426f90733224b67e17a5,15152042810,重庆市,重庆市,2,2020-4-12 21:13
4ccd91f9c20b4e96a0724899c737d6a0,781d321b4a7849719ac1e89e45c0806f,15895257405,重庆市,重庆市,4,2020-4-12 12:11
5d64e6d65b8d40768a0b456dffa3bdf3,71d093bf300f43fb99562d613227816e,15152048982,重庆市,重庆市,5,2020-4-12 3:13
d5394b0bc26c4203bc572a1735fd5296,8b7c0708e23549beb05981aaaf7acfd5,13905222585,重庆市,重庆市,1,2020-4-12 19:42
f6d14f9c37ae4a9dad8a56483cad1001,319dd5d55e7d4766aa1af31ae8ca5c49,15895253182,重庆市,重庆市,5,2020-4-12 8:33
083d49a241d34efe9e66cceeebb81ac8,7c51307b6ab248f89a0122f6ea094cbb,15152040152,贵州省,遵义市,5,2020-4-12 3:55
8dbcb93b1b234364a04cc2e5d52d08c0,cb1e09f147b94bb48921d21ddb64baff,15895251608,贵州省,黔东南苗族侗族自治州,2,2020-4-12 17:16
98c40880a1294d2dbc7b6da50b21e1b9,0a48ef2c65384a73b25e8e1a0680d556,15895258275,贵州省,黔南布依族苗族自治州,3,2020-4-12 19:21
6346411535b64132af9ec703afcb17e7,311812273eaf4429b9ec9dd84a694563,15895258253,贵州省,安顺市,1,2020-4-12 15:22
b3628ea7e60f40719c5096a565affca4,6a27b0c6fd554249979efbd6069fd3a2,15895257796,贵州省,黔南布依族苗族自治州,1,2020-4-12 23:31
9a0a2965995744adbcfb0402a5a0b02b,672063fc88b04c89ba43b1b30d032ea1,13905229779,安徽省,滁州市,4,2020-4-12 22:13
14602fdd391745d1b1069e0532717bc8,8d2a07cc3ec048a09e9e75d01d19313b,13905228309,安徽省,合肥市,2,2020-4-12 8:33
9107040b159f4d1d84783509524ebccb,4ee96e7912754e3bb7c2e1232613c26b,13905229833,安徽省,六安市,4,2020-4-12 3:55
ae029739a9564325bbe7e1611b9bbd48,f6d8bfddc3bb4693b6e8ced298e51fc4,13905229849,安徽省,阜阳市,2,2020-4-12 17:16
012ff305ea3840af811c5730a55ede31,6b487426fbf0498eb69d7b27e3e1ad26,13905229272,河南省,新乡市,5,2020-4-12 19:21
71fb9cf98c204bc482ae67711490d89a,08424636797344f3b69fdbf79625a8e7,15152049424,河南省,周口市,5,2020-4-12 15:22
f88cacff078746fd9d94316115284144,1b957228ac6349ee88257348ede09cc9,15895252483,河南省,郑州市,3,2020-4-12 23:31
feb1e4a1be274e579caad75e40d79245,bcdc0050b80d4b8d93266a0193c66229,15895253199,河南省,濮阳市,4,2020-4-12 22:13
34be6fe5655e46fd94b620e6fb9c22eb,37cc359edfb9448b8b62c3c9f37306be,15152049484,河北省,邯郸市,2,2020-4-12 18:07
eded1902d79d422f90ae3b9ba9cb6ebc,95058a74318d486fa5c40dd6b8362364,15895252089,山东省,济南市,3,2020-4-12 22:59
3222995c0caa4a70a62bf71e81bcebae,6d49d9da64734ed48cdc615d703b79f0,13905227828,山东省,济南市,3,2020-4-12 12:24
e02493c168684132843b0dc19b5edd06,e99735f5942e4ecfa94e26e697b228fe,15152043083,山东省,淄博市,2,2020-4-12 7:57
11c1a257829440858cb0d70073602cad,6235cd4939e0438a81b1c9667d85f1a1,15152044953,山东省,淄博市,1,2020-4-12 13:44
69d472edf514496d9d19a45d7115ec68,46f25f670a1c4582b53a5a3d32499155,13905223478,山东省,聊城市,4,2020-4-12 5:58
b6fc58f4760d4948b992fdc840978f09,64ad8fbbffde4eea88cb8e42b17bcc7d,15152047479,山东省,滨州市,4,2020-4-12 11:13
d9498c2431f64641b4cca4fdb36b43a2,30b9e91babab424fac57dc1169ee471e,15895254021,山东省,济南市,4,2020-4-12 10:27
37875b586c424008846c8c3baaa1ddfc,7c6f77c2e6c541f8bd559a62106729c8,15152045606,河北省,沧州市,4,2020-4-12 1:07
8804ccfc4b0e481594c36a39fb731c9c,413526876e00442c88d841d525eea603,15152045381,河北省,衡水市,5,2020-4-12 6:49
da7d01f1e21b454f91fedd91204904e9,6880192da9d84588ad1fb6ffcc21f94f,15152042854,河北省,石家庄市,4,2020-4-12 2:29
f258efe49e2f4d339d20cb5ee9f491aa,09099efb89924680985725e0e29fb7a9,13905225412,河北省,保定市,3,2020-4-12 16:39
2f07c200d94c4932bf58f7c21dab6df6,283896dec7114c36bded53dc70ea2f55,13905221393,河北省,保定市,2,2020-4-12 7:49
a68f0f39ed634b608f54ed79b0eabd6d,dfeb69a675dc499a833ec2ff024c8e6a,15895251602,河北省,沧州市,5,2020-4-12 17:47
185b9ec49ce74554b7c83b6d84fd44cd,67db856d8ab3427887fb8bdd52d85b61,15152048151,天津市,天津市,5,2020-4-12 5:32
0ad71fac1ae647048497bcc6a35149ce,93bc114b6ec44f1b861b0b1318101317,15152048554,天津市,天津市,4,2020-4-12 21:13
b4b7c3f5a15248648abd94968e91b7b5,1ab89fca431048b08af53d3c6b90f8bb,13905222440,河北省,唐山市,2,2020-4-12 12:11
396b0379e8a1408faa3ac4c2dd3a8435,cda2ad96264d4f6e823c5e08537cd213,15895255818,河北省,唐山市,4,2020-4-12 3:13
cc29d1a6d66140a3bb26e0a43ad0cddb,6c507a1e1936444f96630ace67c5f084,15152044577,河北省,唐山市,4,2020-4-12 19:42
0a7d4bfa482c4acb8fdc3d07244444ab,cf1d64147bb8441ea632b5c2d289bd4f,15895253671,河北省,唐山市,3,2020-4-12 8:33
adb1f2738d03447880331ae56d48070c,5a564a6ca8de4db28942d98bfae9a578,13905228602,河北省,唐山市,3,2020-4-12 3:55
4ee464a7ad9b410bb801317029e2f5b8,864738e840fb46be9c85e052c078f60a,15895251957,河北省,唐山市,5,2020-4-12 17:16
79515c0cbef04efd9ff92bd85e66a5b8,7d67b6c6c18245728014633b3c33dffa,13905226848,河北省,秦皇岛市,4,2020-4-12 19:21
0d8e69c176dc4cc7ac6c0995046abfac,6931bf9deb3a4a0bb4846b434b18939f,13905222648,河北省,秦皇岛市,4,2020-4-12 15:22
9e995643c08f4c8a90b63ebb6c025131,1b9626a3e2d6464f80b91af2d44426c4,13905224101,河北省,秦皇岛市,3,2020-4-12 23:31
7d5d453118664d0d8d986efd9848e1a0,511338053a4243ffa2e5e3e5caa41c69,15152042800,辽宁省,葫芦岛市,4,2020-4-12 22:13
0ea10bf4e8354a618bcd9aea8ea911b4,db115444cfab4057b7d6c3adc48bce3a,15152042909,辽宁省,葫芦岛市,4,2020-4-12 8:33
b713ebdb9eb84828887e7bb8fa6f7009,17185a63ade9451db9c830e84cd115db,15152049248,河北省,秦皇岛市,5,2020-4-12 3:55
2d85362b1f904aee81c9e25a11839ee4,c1772c06b81545d0a65dc7bd9dce8547,13905221160,辽宁省,葫芦岛市,3,2020-4-12 17:16
e25c0eb26bf945a08e26aed744cc20dd,da1829ce3084408da26cc29bc38b6650,15895255833,辽宁省,葫芦岛市,4,2020-4-12 19:21
b0851f4e3e1a4a2f8d51609dbfb1bb16,4b96045144514b569566f71bbacf45cb,15152040316,辽宁省,葫芦岛市,5,2020-4-12 15:22
22be34743bf6469dabece4114542f6f3,12eff2823b434196854789d743ae4323,13905229611,辽宁省,葫芦岛市,2,2020-4-12 23:31
ae4c8368b32643798e5efb379e89f40f,973cc39f73b44cbc97c9ba0ecbbdf274,13905223317,辽宁省,葫芦岛市,3,2020-4-12 22:13
5bbd7566d72a488f9377a9d2b0a11b93,029d8837d103485c8c0471e3549555c7,15152040169,辽宁省,葫芦岛市,3,2020-4-12 18:07
3a15d82f4e644a2f83d4b0d55737e715,c3a41554154749cfba3a10689bf06347,15152042217,辽宁省,葫芦岛市,4,2020-4-12 22:59
de3ced6a325e47a08841e27e80ec88b8,e63d8e30488540629a5700590d00f29d,15152048668,辽宁省,锦州市,3,2020-4-12 12:24
f57e9abab53d4dd581070728001e6ced,166799a77cc8489d99852955ad3b2f3b,15152040908,辽宁省,朝阳市,5,2020-4-12 11:13
033788636428436087f1c6ed1fe83c07,7e69d9ce4db34b52a3af11aa12202b40,13905228615,内蒙古自治区,赤峰市,5,2020-4-12 10:27
a0692342d2ca42028309e290a4c3ef67,d6ecb31fa39043579850003c00e36756,15152048504,内蒙古自治区,赤峰市,3,2020-4-12 1:07
e0b3b89e0be84c01adc2d7c61ec7c9c1,1cbc442253764c18a7206357464bd3c6,15152047816,内蒙古自治区,赤峰市,1,2020-4-12 6:49
8440a79983484b7db83efd091dd57db4,9d4e6add04ed4b8195305a5431f737d5,15152044908,内蒙古自治区,赤峰市,3,2020-4-12 2:29
be472590541c4f028ac33eb424e1edfb,7479c142ccb34326a595379eb3200c6a,15895251455,内蒙古自治区,通辽市,3,2020-4-12 16:39
3ed3ccc186f34751b543470d9007432b,9ae45a83ac7148a08d71cefc70f976a6,13905222265,内蒙古自治区,通辽市,3,2020-4-12 7:49
4e8d5ed77d6a438b8a4dab9eb736536f,9b54842a1132466ba94da011d97e8896,15152042397,内蒙古自治区,通辽市,3,2020-4-12 0:36
b6f87f1a57c34be0b9125007f2f25a97,3874ba6530124359880369fd449d9151,13905223028,江苏省,常州市,3,2020-4-12 20:03
3f958690822744cebc83f72144576cf0,f1b30fe583f14ad4a2a4c2ac812ded06,13905225138,江苏省,南京市,5,2020-4-12 14:54
9794bb8fd5144544a89ef528aa7dd02f,346b09af09794ac789acad213feca43a,13905224152,江苏省,南京市,3,2020-4-12 17:47
a23037bd30a64bebb90e6a92dc5dbbd9,8c35f4dfbd0142a7bd9730526d23d881,13905225650,安徽省,马鞍山市,4,2020-4-12 5:32
cf091dc06870441698f4e92a353216d2,8c9a3faaf9814598a798390c9b06640c,15895255098,江苏省,南京市,5,2020-4-12 21:13
10f93e3a38534008a889f9482379ef02,238ab04d1e384bc69ed5915b8eb3fbb3,15895257605,安徽省,芜湖市,5,2020-4-12 12:11
a5976e90103e40229b4f627c67c14cc5,5dde0f5ee7be4dcba8cc1260c7376544,15152045454,湖北省,黄冈市,2,2020-4-12 3:13
9051a77a1cca48c2b0dd8cbd0fd720ea,f6327ec78e7349b1972a22ef4fe92907,15152040829,安徽省,安庆市,3,2020-4-12 19:42
11c7c8a8bae44a4dbd35ea9898c70cc5,3107a6aa81d34fc8a46a7c1a1d906300,13905225457,安徽省,黄山市,4,2020-4-12 8:33
96bb5ada180d4ba99ea96fbba0397ddf,34a60ad914f44647819629d11854ce4b,13905228372,安徽省,黄山市,4,2020-4-12 3:55
802e59ca298f4d879f84c848707c88ec,8c9b5088349c4fadba095135ad530b8b,15895250526,浙江省,衢州市,1,2020-4-12 17:16
cd6429e3ce6646e6a8c155bfe54f09a5,ba09eb9e61384f45a3ff9923c4397489,15895252966,浙江省,杭州市,5,2020-4-12 19:21
d1f41d7cad02429a95950cc81c810572,fac653c829834ab59113c4e3bdec256d,15152047263,浙江省,杭州市,5,2020-4-12 15:22
07464e67b9d048e39296e5100f7f2cef,3a74abe6f77a48c2bd81bbbfc8fd3443,15895252728,湖北省,黄冈市,3,2020-4-12 23:31
ed94989468a64aeea001fbaaaf704da5,3d4f3fc38fdb46da86103e808cec989f,13905220009,湖北省,黄冈市,3,2020-4-12 22:13
a6e73e0ddb0e443482b4f681103d5899,bb2abcfc0891457f82ca569a51f69f69,13905228442,湖北省,黄冈市,5,2020-4-12 18:07
0530cb62dd7e4a76bd2b18f1ab3868f0,d7528823417e4754a5f0618f9df972dc,15895255587,湖北省,黄冈市,4,2020-4-12 22:59
928bb27ed3db465d8d55f2dd31dd87fb,5c7b95006c3a49978f209621d00f3806,15152044402,江西省,上饶市,3,2020-4-12 12:24
414283dae5f64979a77aeea258691153,98d335d9a13b4e94850f2380b5d24144,13905225980,江西省,上饶市,2,2020-4-12 7:57
23d74c7b8aa545ddb5fcc49a54178957,1fae1e41477846bf95f237c67c256589,15895250770,江西省,抚州市,2,2020-4-12 13:44
07083d98f48d40089162d254b4a423ba,16a5523b9f914fae8b013fa43282f0f8,13905222731,湖南省,长沙市,2,2020-4-12 5:58
ce2c5fef9faa4c858d2923a8a5d24ddf,8b3444cc2fbe45b58b11def32b3a2d92,15895252261,湖南省,张家界市,5,2020-4-12 11:13
f16b3195ae9348ec83e0837eefe89a0d,8b46a62caa0e453fa12d72deb73d61d5,13905225483,湖北省,恩施土家族苗族自治州,3,2020-4-12 10:27
75c9e916c0c64b58b240349f25aecccb,fcfc728f43984a2eb9f7b8c663e9d342,15152046513,重庆市,重庆市,1,2020-4-12 1:07
43511121f264453b952e3ad1b8418167,a997538fc85c43078676b0d81288df3c,15152047300,重庆市,重庆市,1,2020-4-12 6:49
8cddd3bdc49e4c749cafdb37bcc49598,c05d681564b24e05822050e0249f0e22,15895257183,四川省,广元市,1,2020-4-12 2:29
a95827c06c3644c8878f36fa7afd0588,d0c1d1aa701a4aba8b5d40ef7041296f,13905228945,重庆市,重庆市,5,2020-4-12 16:39
dabcc021e2e44a17a3cee0fcc8fad5dc,9a102c59725f4d059e9371f52e5eeec0,15895256480,云南省,曲靖市,3,2020-4-12 7:49
2f9116e42f4143ef98d5da2a5305f367,d4b47f9e5e924403948a715fc87e75b6,13905221152,云南省,曲靖市,4,2020-4-12 0:36
5091857a6b5b45b78a4c873b5b4c759a,89de6c451f984203adf6d5a5f6ede74b,15152048535,四川省,阿坝藏族羌族自治州,3,2020-4-12 20:03
24a904c233b24b229499162e942bba7e,d2248c24739242389d04d7a87690b9b0,15152041533,四川省,阿坝藏族羌族自治州,3,2020-4-12 14:54
fb87fe6f4ebe42e081c5ff7cfb735475,2e05151dff0e453e90e1cb593db5e034,15152041428,湖北省,襄阳市,5,2020-4-12 17:47
be81ca71deef42f7a019a830bd765187,0d76da3fd4e24c68b8c1855ceb723623,15152044150,重庆市,重庆市,5,2020-4-12 5:32
88119a9633114e77a8ae23d3a42eb2b7,e035e098e4264b9784833447cbb74928,15152049315,四川省,绵阳市,1,2020-4-12 21:13
90583f8fbc1e49888068212972355a64,6b25fddd2b6b4cd4acfaa387be60293e,15152043856,四川省,阿坝藏族羌族自治州,5,2020-4-12 12:11
0ea868d06c0b4de6b01b5487169f31a0,d8b101873164424c9e01cc1c55837237,13905229025,青海省,海西蒙古族藏族自治州,3,2020-4-12 13:44
340c0eb0b5384137878776bad7787ffa,e78a636580ae47419e13f9113db47cc7,15895253501,内蒙古自治区,锡林郭勒盟,2,2020-4-12 5:58
d69408eaa9e2476daf42ad6700ed408c,e87a888148324a5c8938f884838dcfae,15152048907,内蒙古自治区,赤峰市,5,2020-4-12 11:13
2d303a5cdd23463e96fbaf312abe2634,70eeef6c58204ccebc5a81a984885b21,15152049924,内蒙古自治区,兴安盟,4,2020-4-12 10:27
71bc96c34204499c959855f12d9043e2,764fdd1bd65a43bf9eacc5842d56e894,13905229789,吉林省,松原市,2,2020-4-12 1:07
8dca0009494940d99f8c25bcc32db8d7,a56caa33bf1a479bba832b341fbde2a1,15152045310,黑龙江省,绥化市,2,2020-4-12 6:49
7c87128809904014b7013bef0dce5762,6a791a0a6d494375a392961937faf7dd,15152041508,黑龙江省,牡丹江市,5,2020-4-12 2:29
a297ed46ead142468387001f630acbf3,7351bb7ed66b47cbbd7247693d75f244,13905225031,黑龙江省,大庆市,5,2020-4-12 16:39
53cae2bc697e441ca60d21bbb12c4ada,c26ede864ea2483e99a6b4482b5b682c,15152044657,黑龙江省,齐齐哈尔市,3,2020-4-12 7:49
62512777944c4ce2bd2087fecc3e6bcb,478fe6f9a6274b168789abeabeb70dd2,15895257218,黑龙江省,伊春市,1,2020-4-12 17:47
0334dbe2bbdc4b66891d9b6077d9841a,b429f93ca56c40f58e5d74d8e7df4508,15152043005,黑龙江省,哈尔滨市,3,2020-4-12 5:32
59fbc15f1e774de4884d99a8239cf3f1,0e13e254b74f4e75a7e98850d28048a3,13905221984,吉林省,延边朝鲜族自治州,5,2020-4-12 21:13
0dc1770264d54016ac7b5c1c29debd23,10148d9bb7f54284b20b23646617ae4d,15152047163,吉林省,通化市,4,2020-4-12 12:11
9ec7ecd5ccec4f3ebdccf47e7c562db4,dd4301d554094b32b1bd1c7bd9fa68d6,13905226167,山东省,淄博市,3,2020-4-12 3:13
88d559e84fa9485093c6dcc52b8a9d52,c8abefbb9adf47659f09d04d19447358,13905221214,安徽省,淮北市,5,2020-4-12 19:42
a5f4296844ef41c0a57d1a196159ae4d,6574998def844933b9368e3a6ddc2070,15152047374,安徽省,淮南市,1,2020-4-12 8:33
caf0d97d4df14a91853e21c6984d0d39,d532ba38a6374bbf96c9abdb345e8517,15895252227,河南省,商丘市,2,2020-4-12 3:55
5bea7dbdaa2947789d7d370aab15ab1b,b91cc01012524cd78f9cd9327f12de96,13905221736,河南省,洛阳市,5,2020-4-12 17:16
7a627ed7a86d4637b50d48c6e0036049,4111d041ee024fd7a57d293cc6c3ac50,13905220479,河南省,洛阳市,5,2020-4-12 19:21
386442ac992648f181a08305edd01e55,9ba96878ca2844e5ba1e28e4e9bd1f7d,15895257658,河南省,洛阳市,5,2020-4-12 15:22
152a340fb8f64a13b0dbfbdb7cc75afe,5f69a83e3a204ad4bb271b59b1977ae4,15152046225,陕西省,商洛市,5,2020-4-12 23:31
997aa82ee19f406ea0a932132b17b314,d7a76610df99453aa1f9430b1208b466,15152040526,陕西省,安康市,5,2020-4-12 22:13
c6bc1e97d4894e758a5f65eef5c87660,0014b177c2564752bf2d1b8079d31baf,13905226918,陕西省,安康市,4,2020-4-12 8:33
9d4e90330a87407b8e39a62c68810d1e,e8296ef20a83420480a2da362a7310a1,15152045655,重庆市,重庆市,1,2020-4-12 3:55
0c5834648a5542ce98e46e49b9cfa538,3acac93e4e594ddfba5bc857533b6604,13905220498,贵州省,铜仁市,3,2020-4-12 17:16
aa615800e331472f93db7e104abad95d,77f1a1376fd94bc9b7ef6e7485a26a12,15152046681,广西壮族自治区,柳州市,1,2020-4-12 17:34
4c682a7d6290495ca2e18cbd1a665a77,74113fadeff64e51b2cccc79f60108a2,15152044312,广西壮族自治区,玉林市,3,2020-4-12 21:20
996840b922b34053881e6f92b8935ad9,d9898160851b44bc8a713e47015623ae,15895256728,广西壮族自治区,贵港市,4,2020-4-12 16:37
050a04b879c64547bf3c049fc3095faa,12f30e8b70404916b7e05a8664192eb3,15152042361,广西壮族自治区,贵港市,3,2020-4-12 2:34
0e8287f2643e411db05ccfbcd1e2d8d5,de2b3c953fcb40c68bedfe666d35086e,15895252446,广东省,清远市,5,2020-4-12 6:16
518cd6dc2360485a84d0512ec5e39e36,95dd0823bc374a7ea23833b1828e8ac8,15895255057,广东省,清远市,2,2020-4-12 10:43
d4cae713ee04462eafbbdfa8c6b360bd,f93fb706bd8b4a5d8a57362c889ca2c1,15152040822,广东省,清远市,4,2020-4-12 8:44
9e0bbe687d7b4db382747dee02733544,7a072cd51673431b9f562c90e5485071,13905227156,广西壮族自治区,玉林市,2,2020-4-12 21:24
2aa792de40de433fad6fed9ab731eb40,a8a6f91fd16f42898603acb81fedb16b,15152042146,广东省,东莞市,2,2020-4-12 6:03
88746940642b4b60bcb93acbb92f468b,f84b6d37ef8a49c99078747d737d0056,13905227929,广东省,广州市,2,2020-4-12 22:04
0d7b9bf7236645389c111cc46313edf7,3cb963d6eefc4e8eaebf3bc6693ea40a,13905227514,广东省,清远市,1,2020-4-12 6:39
e6c43f814e8c4757a478d68b92badb81,6631c5ed272c4b54a4d30672c5cc8358,15895256462,广东省,河源市,4,2020-4-12 8:17
0231e10e345643b99a1ebe77a7eb19b2,9a39ba7ba04f478480a14a6b72a17361,15152045942,广东省,河源市,3,2020-4-12 4:42
68d50c8ab6eb41a1809d8dad77eb093c,5e0886c94ec3492d93093c6ebd89b194,15152046985,广东省,清远市,4,2020-4-12 12:39
bd7a7c81de6e4ea4bc04a2f5deb27049,f986f47fdc7d4840a743d8502bdb583e,15152040058,广东省,河源市,5,2020-4-12 19:28
bdffaac323894a1e8258a0df4a7f77ca,03e350314e974bd889d175c24a60a3a0,15895258337,广东省,河源市,1,2020-4-12 1:24
38d4d90da07b4b11a1fcd9525a82bee9,d625853dc3f744c283a87c75e923ffe4,13905223803,江西省,赣州市,3,2020-4-12 11:21
5f77f8d97018437988a5a498d8e7946c,2450db28923b4da78230a41c0acfa148,15895250826,江西省,赣州市,4,2020-4-12 15:39
6350fed71aba4d8487b7f2ac81a9e365,5a3a0bc121fa4261820758d7abd04108,13905226580,福建省,三明市,2,2020-4-12 17:29
9d060dd2ff43486d89e6e70f7f0afd42,22e68ebfd0834c37a1206750efff6105,15152045641,福建省,三明市,4,2020-4-12 6:26
fc0b54e112694ba289292fdbc2d3827d,da75ceb196924463bdc4582d8a41fb8d,13905226962,福建省,宁德市,3,2020-4-12 3:12
a2b1032911ae4b53b5757bfd3e8e1014,d4063e84dd4e4c879ede924822b5c5a5,15895256760,福建省,宁德市,4,2020-4-12 3:01
e7c8a7d640da4a7f88e152cfcf7c1343,a76bb53262a14a7a8ace3093b55fc0ee,15152043614,浙江省,丽水市,5,2020-4-12 9:05
dc68b7cebd4f4539ae07002797a5b6ab,36a815138dde4fcdaa568a281667b0ac,15152044427,浙江省,衢州市,2,2020-4-12 4:06
4acd3f92841c443c98e539e5992e73a9,741ad6d91d16407d80e1f182fc593c0e,13905229474,浙江省,衢州市,4,2020-4-12 9:56
bc2766b8763a48fa83fc0f6468010955,6a1c722673fd4217839e18aed0d37ba7,13905223466,浙江省,绍兴市,4,2020-4-12 20:07
ce1b0535ac6d4edca3a3d0377788200b,58c3ad59b22b4981b71bef07681a21a8,15895250493,浙江省,嘉兴市,1,2020-4-12 10:58
461c72e87700408695e9948fde04bc0c,40247bb2259044afa34e3339e3a325bc,15152048797,浙江省,嘉兴市,4,2020-4-12 22:17
ba2dd7fc427e4b6d9682c9ecbe0f9c53,9b7c1c9cba554021a6e6cdd1169fbea7,13905220726,上海市,上海市,3,2020-4-12 18:25
cc32c11bd27944c19cbe441a8145d6bc,ce58cd82d8e44a2c90e5e9748ba98d55,15895257874,江苏省,常州市,5,2020-4-12 17:16
e2f64e10117f4ab49ce17be67bd03dc7,307f1959add845bfb303e61d53ed5398,15895255424,浙江省,嘉兴市,3,2020-4-12 8:21
b283d2e01cb246dbb32242c2307b4583,3ee0eec828a84b309942bb2cfad3356d,15152047113,上海市,上海市,5,2020-4-12 11:57
1e3dd767e5624b0f8e64636aa69e214c,d9cb9c9145dc4c1583db9a7cc0ca3a18,15895255716,上海市,上海市,4,2020-4-12 8:29
391682025df349c8ad4010741ce2824c,cbd48099fd4b467d8149f034eedd684c,15152043621,上海市,上海市,2,2020-4-12 18:34
bdfbd24df2a44828a7ceee30722fd0a6,f097a377d325404396f59ef307f3b008,13905222756,江苏省,苏州市,5,2020-4-12 13:23
43ba85f024dd483496e523c0dfd5878d,383b3ec4c91341c0bea2bd5662e212d8,15152046313,浙江省,嘉兴市,3,2020-4-12 23:11
2529f8882cd242debc106fceb01b54c0,231d763b42574489a315f0570880d4e8,15895255386,上海市,上海市,2,2020-4-12 22:20
755978ac1faa472fb5cd67cfe8907d72,5211c2a64295442a9c03f9e27258235f,15152048772,上海市,上海市,2,2020-4-12 13:09
c7866c658ab4438eaa0a58a25a2807ac,e095f639da3047bebf950dbf8e0b7910,15152041395,上海市,上海市,4,2020-4-12 2:44
0f8ea23286774b538fbf34d72ede349a,ef6f03c18b884e64ad1353cdf748ed7a,15895252221,上海市,上海市,3,2020-4-12 20:14
2cac2696235b4ef49d83d4ead603624f,9ce821c59b1b4d49b66155b187c7f7dd,13905220171,上海市,上海市,2,2020-4-12 3:21
904d09db804c4ca88b26ef75590c5e77,5a5793e5cda04a58b9ee1ac9099cf2f0,15152045957,上海市,上海市,5,2020-4-12 19:45
907b0ed195654d859dc7b831d24a986e,14e42b311e344a5d9f17082ecb3087ba,13905221787,上海市,上海市,1,2020-4-12 0:36
5cd86a5e664e4bc4ae41dc5b6df37a3f,1a960c4334074df7abca1fb62a18b5b4,15895259919,上海市,上海市,2,2020-4-12 1:30
c569a4ea4541496a8a22edc9acf561f2,3be37b4c1366451183bbdfaa27fd01d9,15895258832,上海市,上海市,4,2020-4-12 7:13
8f733e523a944fff99ce950374c032d0,f17b83a2bea64ab6806857ab8a0f92e4,15895257210,上海市,上海市,1,2020-4-12 5:01
888cd6aa8ff44904a6f4c3e0a71fccce,d46703fd11e049f8af8433be8fc76dbb,15152044449,上海市,上海市,3,2020-4-12 2:35
4db489342f82459fb1965a6a4adbea0b,285cc7ac5e454a7e84e4668c59d275b4,15895257181,上海市,上海市,2,2020-4-12 4:26
bca0c038700c4b40bb5f6d1a0b657d21,295275de33564b48ba440950545f12e9,15895256396,上海市,上海市,3,2020-4-12 22:34
894e262cb7f9450b81605b79e529db39,337654b42e324f8ea1e069a9a8fc2f1c,15895257583,上海市,上海市,1,2020-4-12 18:38
888fdc1720ea48059a812aad810ba29f,7605dc781a9b4e859b586996c3bcbfd2,15152045173,上海市,上海市,2,2020-4-12 19:23
c19d871f1ae147dea4d436c5914f4fc7,c7a62ccc353e4f8f91b05d37adcd5694,13905226634,上海市,上海市,3,2020-4-12 18:18
412e06c17f5f4314b00bd692d136564d,a76ed30187db4de18b6bc9e37f923758,15152047903,上海市,上海市,2,2020-4-12 0:13
a15c022c1e7743b99083073a86487bc1,8c8fe39d98ed49ea88b1942afb13ae9c,15152045155,上海市,上海市,1,2020-4-12 6:40
c17c99b74c424593962912e72bae0b69,cbe52dde72b24ad7920332dd6a6e331d,13905227111,上海市,上海市,4,2020-4-12 1:25
2cdb3517c5574e6cb68b0a7069f2e2a7,a4d2973784114c6bb2601b89aff7b6df,15895252413,广西壮族自治区,南宁市,1,2020-4-12 10:31
ec8fcfe01fb34b6aaae03a4f00837e2f,92459ac00df145bcb0d0df09249331ea,13905221840,上海市,上海市,4,2020-4-12 21:54
e83398af86ea4741b67081cde503f8bb,d333094d08cb4aa5bb3a6f8899eff330,15895257252,广西壮族自治区,钦州市,1,2020-4-12 14:03
102224c00b044f39a5b6b299ad029bb4,76c6d3de56464289a3d1fdce1fcc3934,15152042693,上海市,上海市,2,2020-4-12 7:11
2920410ace8646ef8d6da6918a65db13,01c049df46274beaa4688240ea6b2c59,15152045426,广东省,阳江市,1,2020-4-12 7:48
c78cde8aacb74c1cb8efbf5b02eae440,1a87b8a6a7cd4e5395c1f786ea8092b4,15895255765,上海市,上海市,4,2020-4-12 7:57
5c8fb3cb0d9c4f4c9c4a025f7567911a,668f4cfb16f3449a928ecae9334b8000,15152042587,江苏省,苏州市,3,2020-4-12 13:44
2036bee3ce9f483282903658844a23eb,36ff8c8790b84c6bbe6adf73087e46f3,13905225795,江苏省,苏州市,3,2020-4-12 5:58
20210b81f8184b32950c8a3306952e08,a6138955d9454cda963e171dc65524ed,15152042947,江苏省,苏州市,3,2020-4-12 11:13
911f78ca747f40e59a35c16f3b4c28db,3e223763222d4853b33234d5190760cf,15152040268,江苏省,苏州市,1,2020-4-12 10:27
02546a5c7e794a25acedd0f6f7866a17,cadd2e2d341e4a89a4d52a5ef20153fd,15895258358,江苏省,苏州市,5,2020-4-12 1:07
1950aa5378794c94a369ed0d8c4b3d69,fb8e52e7997e4b6d914662c97886a4de,13905225069,江苏省,苏州市,2,2020-4-12 6:49
36e6743c83e9492f8ade38f4c129c4f7,b49353d8250c443190c4993bc9ccb547,15895250018,江苏省,苏州市,3,2020-4-12 2:29
791dc6d58a814bb08ee1d54e3da6c275,535aa8d011a44772863d613824352d26,15895258937,江苏省,苏州市,3,2020-4-12 16:39
1a3b2a5d191346ee9eb1982f57802cae,b3e6e4de9d4e4e0a9e2dbc46fbf6ed16,15152042894,江苏省,苏州市,5,2020-4-12 7:49
ca0b6b314b6e4e4b9f03d93b1c3ddd1e,4c89f232449343de8526389cda7c185f,15895250234,江苏省,苏州市,3,2020-4-12 0:36
1f3a953881dd4c92bb0c353cb2f7783b,a522b25591a04457940d053ac7e81d7e,15895257767,江苏省,苏州市,2,2020-4-12 20:03
826b5546df7341aa87db35a45369d115,48ef1906b8c745afa6451b39d3779dbb,15895252912,江苏省,苏州市,5,2020-4-12 14:54
8de5cac3bc5547efb005cfb8cb989750,85dc78a4414147648046d860d8753f25,13905227463,江苏省,无锡市,3,2020-4-12 17:47
db89eb2f9270406d958e0ad917ea67b9,73857cacdaaa4e25a4c2acaa0dfc41e4,15152042276,江苏省,苏州市,1,2020-4-12 5:32
16c614604b034121aca3d7d298ca02f5,3ad564761bf54953b7162251ee7d60a9,15152043268,江苏省,苏州市,3,2020-4-12 21:13
4f62eef16c5b43719f333f34c43386d0,9eb4c5e6a2b54d7e946f2c00a6a4fa36,15895257208,江苏省,苏州市,5,2020-4-12 12:11
c950f9cfcdca4bb89e8ba2d42e6cc518,0e168e97dafa48b3859a29f47b74f66e,15895252392,江苏省,苏州市,2,2020-4-12 3:13
a33cac29509f461e9df617bc2a05615a,f7b86f8e71784c2f9582220e3ae78d7b,15152049886,江苏省,苏州市,3,2020-4-12 19:42
089506c41630494095886014b6bdb46c,0bd52f325b38455a99324d87e5baa2d6,15152046893,江苏省,苏州市,5,2020-4-12 8:33
709763146f174814a8386a129a8f71f1,9570133bfb19491ca92c2945acecaf6f,15895256317,江苏省,无锡市,3,2020-4-12 3:55
85842e121f71479c906e1403625e3f37,2ce41a1f0ac948f3aee3075e66b3f624,15152040754,江苏省,无锡市,2,2020-4-12 17:16
8dbed37a8be64697b973dff39181b036,9e90cc2642714bb1ac0d2ac22575bb0d,13905223797,江苏省,苏州市,1,2020-4-12 19:21
1a525979824c4e819b8f1580003007cd,a06e93c5459640d89db6aa88cd2352ea,15152044675,江苏省,苏州市,5,2020-4-12 15:22
1855328529ee416d83a6e1baf2fd58f1,f2b75621ac77415aa12bfaf8fcb5c4ee,13905226551,江苏省,苏州市,1,2020-4-12 23:31
891f040e014d4f838f92abea385e5cad,c716027066304d098d071bcc2aa50143,15152049895,江苏省,苏州市,1,2020-4-12 22:13
46b5405bd8a94765aa21b095c06493de,449be421580b49fb9d51e8e1636bb67a,15895255364,浙江省,丽水市,5,2020-4-12 18:07
066efe54773049c2a68cea94b8b46313,2f21cf4ebf0240e3a05b6f05ebb3f483,15895257247,浙江省,丽水市,3,2020-4-12 22:59
a4e9096414a342e99d38677645774ad6,fbd5d9c16df4430facaca63f16add635,15895253379,浙江省,金华市,1,2020-4-12 12:24
5dab0fb4a63f420fb01d61d533d6a0e1,20e7dcf9c8cf410084ce41d558ba8398,13905229015,浙江省,丽水市,3,2020-4-12 7:57
ede70f635a2740feb1b446068c6700b6,ff7a72eaf40e4c5e993e6171becfc453,15152048100,福建省,福州市,3,2020-4-12 13:44
7f0a2209c32642ffb088176deb945d3b,9f8d5d0349ea4feb95d90e16d069d617,13905228070,福建省,福州市,3,2020-4-12 5:58
5f6fee634ab1493c9102b0faacadc306,0484a0d4629a447daa72b995b27f9776,13905227654,福建省,福州市,5,2020-4-12 11:13
c25db51cf54b4a4fa6de08dba3fd4e78,282178072ba64f12bac1592f2331c51f,15152041093,福建省,龙岩市,5,2020-4-12 10:27
8e55859102ab41c99d5de6c83e9f51eb,131dd9c4569e467c9c600ebc67c6285b,15152048318,福建省,三明市,2,2020-4-12 1:07
18b4ecd1e0124e6ba73d8a3d0691d90f,39410b44cd874a9b9ec8558efed11f09,13905222235,福建省,南平市,3,2020-4-12 6:49
848c23b6c8034b2c99a63f2c2c103456,9be10d809ad94a188e3926da3803a4e9,15895259384,福建省,南平市,2,2020-4-12 2:29
1723d2d6d2604c9984dadca324d3fc2b,eaadd64ec35f4f6fb8b3ebc0cebe1911,15152043183,浙江省,丽水市,5,2020-4-12 16:39
d4baa7f864af498da3fa511c3af41bcf,d632c5c1435c4a4294ab704c5e636431,15152044980,浙江省,丽水市,5,2020-4-12 7:49
a7bf38d3e5634fc9ba334f7a9672852b,acdf7c79271c471382854cb13326dbe7,15895255043,福建省,南平市,3,2020-4-12 0:36
c209e9fa774f4a3faa9a6624685da6df,61746dcad25a4c7391e08f3a9916454e,13905225014,福建省,南平市,2,2020-4-12 20:03
789a7cfcac77474382cd38aa317cfcf4,87a4507096cc450690221f722bc9d72d,13905221089,江西省,吉安市,1,2020-4-12 14:54
2e4dcae4b8a84a0ebbb28f525ee8e2e3,127187d18be34d4b91d1216fb6594733,13905223327,江西省,赣州市,2,2020-4-12 17:47
dfc990fd92134c7eb5ce1dbf5e290400,d70b78447afd4bbb9a0b2be125453821,15152040518,湖南省,湘潭市,2,2020-4-12 5:32
a948a05dff8341b18d61f2d318f61b04,3c6e340c9cba4bdd8338bfcaa6574452,15895254808,湖南省,湘潭市,3,2020-4-12 21:13
294ed0541d0a496db182e508592256bf,f4a4256aa7524563a8e24a64e0d45d0f,15895257088,贵州省,黔东南苗族侗族自治州,4,2020-4-12 12:11
4a21415593b34533879ff035005b2c93,0f235ccc41144c8caae739c6f823da1c,15152043865,云南省,文山壮族苗族自治州,5,2020-4-12 3:13
f2c54472de9c4a6c95c8d19115bfcf72,4461e2947fdb48b1b0d7ba8b792cb07b,15152041428,云南省,文山壮族苗族自治州,1,2020-4-12 19:42
d3d001e8b5a840ca928645f8d47d9229,9c46f37004be4f5f98e2f9bcff15183e,15895251123,云南省,楚雄彝族自治州,1,2020-4-12 8:33
cfce44bb3de148eca3acb1060d00be92,b5fd48c61a8840589db950cdaabd878b,15895250444,云南省,楚雄彝族自治州,2,2020-4-12 3:55
647c07d2777a483bbd15212bc366c9d0,554e100310eb40ef89fcaf2932aa6357,13905228035,云南省,楚雄彝族自治州,4,2020-4-12 17:16
4f54a91d77a74be28836d84179f5c4b8,65e4f6bf922c443ab249a87ef59bbd97,15895251169,四川省,甘孜藏族自治州,2,2020-4-12 19:21
afadd24ed41f4a86b30e36327313d958,eacdbb132a554df39eb8ca970a4af490,13905227545,四川省,甘孜藏族自治州,1,2020-4-12 15:22
7c1b9833926945fe9c0378eab771395b,93d89cfc77424a999aded08fa94c1c3d,15895255232,西藏自治区,昌都地区,4,2020-4-12 23:31
9799467f86fd4b959f7a9b62658afa2d,ec0652ca4a9942f38b895dea82b3190f,13905228057,四川省,甘孜藏族自治州,3,2020-4-12 22:13
299665bc0b3042a4885c269f518062ff,42fdd3dbe4a84ea0b46b14125d0de9a5,15895255455,四川省,阿坝藏族羌族自治州,2,2020-4-12 8:33
f0263a7a091e4847a1205b9cdc331bb5,49b1ad05d326482db64924a38f1b7170,15152044089,河南省,南阳市,3,2020-4-12 3:55
816a730afcf440c293e0bf8622b0ac0c,5ff161ab711641829fe25dee2d3df7c8,15152042826,河南省,南阳市,3,2020-4-12 17:16
c8a6d9d2a08e4eb1ad5ea76be447dd24,e6f719dce371486c82b4cbfab5e8ec31,15152042581,青海省,海南藏族自治州,2,2020-4-12 19:21
f308813c43d5493da05c1c4024fb6fb3,84f42ce3ce0140698848f2da1d052bad,15895252722,青海省,果洛藏族自治州,2,2020-4-12 15:22
5ae24418774e424da46f4c5de159ea21,7fe99c328ccc4188bea3fe4b6f9f71de,15152043308,青海省,黄南藏族自治州,5,2020-4-12 23:31
4417823e47984d2d982dde59a654529f,9cae1da87d274fdc96e0f2022907d7d2,13905228059,宁夏回族自治区,固原市,4,2020-4-12 22:13
50d7992d16284019aad3c33e4c6958cf,a2c9ff2ee3944aecb0ad321b7453d175,15895256845,山西省,临汾市,5,2020-4-12 18:07
049c78aa33554b2abddce9340541e8b6,a3a475363d4040c2ab1dbbaada3232a6,15895259001,山西省,临汾市,5,2020-4-12 22:59
460db6442a1e4cedac8522b51c9a801d,dfbe12a0606740138f360822d01370b6,15152044557,宁夏回族自治区,吴忠市,2,2020-4-12 12:24
aa9fe214a998436cb5e678286ff664a5,c5e5bd4c5ea648149dc5104634b8c178,13905225991,河北省,廊坊市,2,2020-4-12 7:57
c84be85cb3ff425db22d52121b1b7048,f764826fb64940199d939a4f2ca5a1fb,15895254315,宁夏回族自治区,吴忠市,2,2020-4-12 13:44
530881819e144c2fb952d8ea4703c6a7,9afbe20f771e4360b794ca3aacbce5b6,15895253351,甘肃省,庆阳市,3,2020-4-12 5:58
065b7d7202944daba70a7ea6f5948f21,b0b68f955dbd4ba09a6c7bff8e644a5d,15895250034,宁夏回族自治区,固原市,2,2020-4-12 11:13
41854190526b42af8b85c7a8a96bd8d1,ec71987022b24e9c9f0339cdafc295a5,15895256810,青海省,海南藏族自治州,5,2020-4-12 10:27
8be1ab9f150343999edba18129629cf7,484f50f0e7c74bd2903d4061564c41f0,15895251962,四川省,甘孜藏族自治州,3,2020-4-12 1:07
df21d69238284cad87f216df95eebfac,f4e11799b5804f67a98cef766fd3ccb4,13905225816,陕西省,榆林市,3,2020-4-12 6:49
e3fc5997a4b346b58ee49498eef9ca79,412e7c97a8a742d98752d6a0af5f5d8f,13905223016,青海省,果洛藏族自治州,5,2020-4-12 2:29
a6556a26d9204333b0b653dab7695e8d,fd0c586475da4a64bf300fe411b5ed33,15152048793,内蒙古自治区,鄂尔多斯市,5,2020-4-12 16:39
12ce2e1232fc48fbbf270ba9386c6d5e,ee5299fee4ca41f3a686a309130644d2,13905225876,内蒙古自治区,呼和浩特市,3,2020-4-12 7:49
e89d02dfd148447395e0073b75b50e3d,a7bdd3bf86d644c68c6922fb2717e67b,13905220874,山西省,太原市,4,2020-4-12 17:47
8854321354c74b23a9060bcea8adcd8d,691c418627094f81ae7e10c655dd7760,15152040152,内蒙古自治区,乌兰察布市,4,2020-4-12 5:32
e3f8af7600f24a1a84b64334ea1a6cd9,f425b7f62d764f0aa10f3f771df5c93e,15152044615,江西省,九江市,1,2020-4-12 21:13
697e4985790347d0a9ae5cd25720e632,7bb26bfeb5304d34b4269732e9eafcdf,13905221190,安徽省,池州市,4,2020-4-12 12:11
0060a4c5c32942b2a5b52407ecd0bec8,b07aabffe56d42809b054fbaeb61cab2,15152048268,安徽省,黄山市,2,2020-4-12 3:13
d4e929eba5854dcca123715417c01e37,2299851fde1740d7bcc12ec13e9c626b,13905222172,安徽省,宣城市,3,2020-4-12 19:42
be752aac97eb438b8e4485192f807ac0,60da629996ba47ad8f18a0f5c540929b,13905222704,浙江省,舟山市,3,2020-4-12 8:33
f218f0604f0e4f95aebfd5d76e6337af,dad9b7805a5545feab57524cfe1d8b82,15152041782,浙江省,宁波市,3,2020-4-12 3:55
07a3ceb89194466e8d476c22c2050968,f25f025276d042b280c26fa5144d6a4c,13905223401,浙江省,杭州市,5,2020-4-12 17:16
60b5b3729f694240b5c1410d11d2c009,8bc41a4440bb4085883a0e7d6a4d4a94,15895252449,浙江省,宁波市,5,2020-4-12 19:21
62b7859ac0ea4db1b21da10e57c1370b,6556467f6db3423093280aba8971f16e,15152046146,浙江省,杭州市,4,2020-4-12 15:22
8865f6f7acc04ab393076f43ec87a54f,81e37f467b8148f2a492d1f56f469e8f,15895253935,浙江省,绍兴市,3,2020-4-12 23:31
06fe5bb7cc8540d69305a81d9a99a831,3b9762ead5644cb19a9aa58455465168,15152049500,浙江省,绍兴市,1,2020-4-12 22:13
e768385a9a3648358a673b77d4c19969,53014f5ccc9e468bbf3cc1a1cf0b220a,15152049675,浙江省,金华市,1,2020-4-12 8:33
e2ec92dcefcd49038f6defe8cfe27d53,96cae4ca837e4c7f88556119b6c78212,15152049900,浙江省,杭州市,5,2020-4-12 3:55
41235e0cb6bc47a9a3537d4404626aef,a2f57e5e936b45e597850fb81a4b446f,13905227287,浙江省,舟山市,3,2020-4-12 17:16
c013fdb611014f5da8e2555f66e130d6,01797e9e8da344f09f28bb2e6dcc8e54,13905229290,浙江省,金华市,3,2020-4-12 19:21
19bc7fe724ea4dad8d60775beb236dc4,51c66190e54843f9be59bab61af35bfa,13905227236,浙江省,杭州市,5,2020-4-12 15:22
a9b354bc3c0d4caf8439d038b725681f,5abe21e137034fddb68b4d4f9ae9d409,15152049233,安徽省,芜湖市,3,2020-4-12 23:31
d5b8dfbf6bc0431e874e5f53699aead8,ff3af858026f436ca084f4f97460cd0c,15895255264,湖北省,襄阳市,2,2020-4-12 22:13
50ac14867b0b4c54bc41d0ef14247e59,161fd336330442cabb80a3a51d9c6f20,15152047666,湖北省,十堰市,5,2020-4-12 18:07
fe91f401e7314c9b80366de6aa5fa43b,7277bdf997cf43e090e14a714df18da2,13905226052,四川省,巴中市,5,2020-4-12 22:59
8e1430a5e9d64d7c91be9d2bcf654c8c,95b7c6ce3b0a415893f5ae7773c86605,15895257994,四川省,成都市,1,2020-4-12 12:24
1f93642227c54e3d8ef84a1ee327f17d,c9fad7b0e17f410693b3787342a0e56b,15895257085,甘肃省,甘南藏族自治州,5,2020-4-12 11:13
c75e6ddb11da4fc0bf6539918cb0c031,90a66b2259ff47b99564e661f22d6521,13905220832,山西省,吕梁市,4,2020-4-12 10:27
9dba0f1204ba4c98adabdc564d5464d6,c0c6976f86cf411fa36dee3bf5f92786,15895250201,河北省,石家庄市,5,2020-4-12 1:07
bf356a5427b447b39b3e17fead63d6d3,1c7052c6836448019f1996ebeab81eb8,15895259782,河北省,邯郸市,5,2020-4-12 6:49
e571eeb79ab5438ea6e47e45ef3ad9ea,d2577af5a3784b81aabb783edb0d758e,13905229373,河南省,郑州市,1,2020-4-12 2:29
ab256d53528d40b183a0048746bbaaa4,c66b58db9de94b0bbd187e991e3d7aab,15895259227,河北省,沧州市,1,2020-4-12 16:39
cd0e89c451aa417da45ea71894e3744b,b80dcc276d8b4451b01acd3cb4780cfa,15152042354,",,",秦皇岛市,5,2020-4-12 7:49
8e4c068ece414966b358054f9256c2ab,dcd53781fe074c4599e983a19e4c2fdd,15895252410,河北省,葫芦岛市,3,2020-4-12 0:36
e94021dbfa5d4195bad19e7332f3292b,e81a6880b5e14633a42f83601c458f9d,15895259847,辽宁省,朝阳市,2,2020-4-12 20:03
0cb2d93c37854292aa3b9446690c6de9,2e8374bebeee4619b7027fff2c128c65,13905227770,辽宁省,朝阳市,2,2020-4-12 14:54
8e5f311978ea492784c2a838b97dafa5,57269d86f8994430b761a48cf1854dca,13905223739,辽宁省,通辽市,3,2020-4-12 17:47
2cc212f87afe4994819897a9e6453f3a,00edf17e46674df6b578880ff547d182,15152045641,内蒙古自治区,汉中市,4,2020-4-12 5:32
a9b73889ee3a41039d19456774a566b5,932a9b0f55584b26923496b1e6d77fa5,13905223784,陕西省,西安市,5,2020-4-12 21:13
64e47c51dbb64be2b049e0c256f0fd5a,80a37f2c3a15496db5e9524798f3808c,15152045237,陕西省,西安市,4,2020-4-12 12:11
f6350bb53b244e80b507d036f046892f,a95315a8ddc5460ebd9a246333cec507,15152040379,陕西省,咸阳市,1,2020-4-12 3:13
32a02109084f465a8e6561425869e3ff,af1da3b2e0764bdfb1ced439061e7b5f,15152048494,陕西省,西安市,3,2020-4-12 19:42
837dd269aab043d6864c2b5d513614fc,8dd14d0546524fd8b9b5c5e7747f7253,15152042069,陕西省,咸阳市,2,2020-4-12 8:33
5767a5d1a4e84f4ab2a050a52cd578aa,4032479a59bd49859ab81569f636a89f,13905226466,陕西省,咸阳市,5,2020-4-12 3:55
f510c5d16a9b41ba9635733dccf43501,2e103de656f94b94bbacd9425a9a07cd,15152046344,陕西省,商洛市,3,2020-4-12 17:16
2a9f73c8d55947bfa250196b2f38a61f,7b5781b916b64cf6971708c42ff2aec1,15895252987,陕西省,安康市,5,2020-4-12 19:21
8a272c0ed16a491a9142bc07c3fc2738,9c098c423edf47cca26497fcb1de65b0,15152047706,陕西省,南阳市,3,2020-4-12 15:22
69ba52e4db634214a6720ba8c903c0aa,997056f8912e46098100df548913b512,15895250233,河南省,开封市,1,2020-4-12 23:31
ace81726264f48c58be43ec92afdd2b3,4cbc68d841c04eb0a7c37233abfe64dc,13905221189,河南省,新乡市,1,2020-4-12 22:13
59259edf3c134c40bf5efbd5ed633912,5dc0a141dee24bdf990c209fba9574aa,15895251210,河南省,安阳市,3,2020-4-12 18:07
2be7e634068b4cf497109332ef569b65,ca694d24a40d4800b10ea732c9304984,15895253875,河南省,安阳市,1,2020-4-12 22:59
114f21c582bb4ba582b07b03dd9edadb,f16a0b1d629b4de7aa5231178be7a5eb,13905223038,河南省,赣州市,3,2020-4-12 12:24
630ffa2630e846dd871f71997e1da06b,01f7d6966988400fa633e7c42707a826,13905221573,江西省,抚州市,3,2020-4-12 7:57
82d7bafa334e42fb9deaac891343874e,4d067aaf4250454d8cec4ad807d6a7df,15895252061,江西省,三明市,1,2020-4-12 13:44
a236c85d36784da384718be574d03d19,c4d388ba67a749ca849017f433c7ae8c,13905223748,福建省,广州市,4,2020-4-12 5:58
45bc0231070647a98bfe0a6ba3aac063,6d7bc7dfe05e4ae9aa362bf7218a2a71,15895254285,广东省,云浮市,3,2020-4-12 11:13
90286366b5d6446fb747081ce7b9b804,fc100d87fadd445c9a3df36c27a17d08,15152041723,广东省,柳州市,2,2020-4-12 10:27
22a11f95b3484ee79209badd24aab455,6ef11a42b1844d579532c9de2c4fffa0,15895251159,广西壮族自治区,桂林市,3,2020-4-12 1:07
778a139670fa45799dd69fd7f823c344,8b84a80ef9814d7b9cb3f9970e60251c,15895253134,广西壮族自治区,怀化市,3,2020-4-12 6:49
a5195e5333bb4e6b9484ca52b363644f,6c50316cb9cd4c1e8c16071f579cf1eb,15152042983,湖南省,遵义市,4,2020-4-12 2:29
8c5bdf6c59364a8abe74ae50b125463e,a53e97ab674b4bff9c4336f45bfea83d,13905227508,贵州省,重庆市,3,2020-4-12 16:39
89836bd7c44b4050bc8f85f454af8a86,96a213e19188430aa6ef67cd60637d98,15152040714,重庆市,重庆市,1,2020-4-12 7:49
ac1f3af55ff440ef98fbaabd038d84c9,e3706da79bfa42e186fadccd572af9d4,13905228598,重庆市,甘孜藏族自治州,1,2020-4-12 0:36
cd3b56bf51d34c8bb5df415af00014ad,e35d3b82bf8a4fa495cb641759cd4beb,15152043192,四川省,重庆市,2,2020-4-12 20:03
866e155e1ebf4b2a96acc9d51c088f3d,57c90eafff4b46c0822b2665581aeea4,15152043457,重庆市,绵阳市,5,2020-4-12 14:54
8fe7bcdbabb9462da0f2b7a599a71ac2,ceff36437b8d422089685c5a7140a6c2,15152047429,四川省,,5,2020-4-12 17:47
55083f776d554c05864de2091b6a4b12,aa8b2c302e414d72a499a7de5a3aaa68,15895256605,四川省,甘孜藏族自治州,4,2020-4-12 5:32
024538b452604363890e146dddb8e7f2,004283bd3c6d4baca8b66d104cdc89f7,15152045427,四川省,阿坝藏族羌族自治州,2,2020-4-12 21:13
ce219482cc1448f8aeffbfa059003762,3a595972ba4d4587b2a2309a82b8f8cd,15152048203,河南省,南阳市,4,2020-4-12 12:11
5a40c2d637444f5d89102e88eaba2fb7,5b1b4c9c005449d79f305f2d6dac1796,13905229428,河南省,南阳市,5,2020-4-12 13:44
7b61f9dd685e4b93b3aa53f3a6e6c021,d6537bdd1c954440b5ff5bb60452f94f,13905226070,青海省,海南藏族自治州,2,2020-4-12 5:58
1c327716bc98490a9f1356db19d138a2,7843345688ae408c97587ad71c88930c,13905229156,青海省,果洛藏族自治州,1,2020-4-12 11:13
a385ae040c644b68bf9112038bb02a67,0c83da5f9bde47608d242928ecebd213,13905223786,青海省,黄南藏族自治州,4,2020-4-12 10:27
c8a37198f21a40f6a478338fefcf168a,99d545fdd3db406b97b494e077fc3919,15152043504,宁夏回族自治区,固原市,5,2020-4-12 1:07
904635fe8a804eb9b5b90b85f3859045,08da2b56224f4c81801c717bf552c4a1,15895254992,山西省,临汾市,4,2020-4-12 6:49
750e1de332634d99b222090e398f2692,eb1a727a8ccd4b10948fafceca57ebe4,15152044418,山西省,临汾市,1,2020-4-12 2:29
9156d5452edb487dbaedb2c3bc4ae0f9,a63923049a1945c6b5bf686715e2c73f,13905223241,宁夏回族自治区,吴忠市,4,2020-4-12 16:39
71a543a31ea640338102ea361e3d3616,607e5aa6e7fc4121bb8c47c4eb1090a6,15152041740,河北省,廊坊市,4,2020-4-12 7:49
c36340b912fe41969a2e4b8249617257,778f3bd0962443439911085f006178ad,15152043917,宁夏回族自治区,吴忠市,5,2020-4-12 17:47
37235ba0c79a48d099b40abb91e42eab,f6d2ee8d871b4e10970d014101c80b45,15152049031,甘肃省,庆阳市,3,2020-4-12 5:32
2620e41e07ac445a9e50f622591e2359,fb5ea8924e1e4a6dae11f5f975a0832a,15152041955,宁夏回族自治区,固原市,2,2020-4-12 21:13
dd4b7809144c42a585f4262e8b8fa8fd,742f3ccb8bf74ce086915f7aac4566c8,15152047149,青海省,海南藏族自治州,3,2020-4-12 12:11
58f9e67effd84e44af59fbdf9368615c,6bae28b641de48d5ac55e2bfca932b6f,13905227933,四川省,甘孜藏族自治州,3,2020-4-12 3:13
35882afa0af049489f7342edc0393def,78d8dbf0c8294eb6ae0b6d80d00058be,15152048591,陕西省,榆林市,1,2020-4-12 19:42
fcbd6df575da42b0b2f6637a2123731f,5242936ed36343609b4e61a3f34c61ae,15152049351,浙江省,杭州市,2,2020-4-12 8:33
de23b19380284a9cb4d58baed2b47de9,86a2514bf67e492d843db9d3971bac58,13905222762,浙江省,杭州市,2,2020-4-12 3:55
794b44b6b5974c0e96b8519d164fa64b,13e93a96d6ed4ed8a79cd909d52d2cb3,13905229301,湖北省,黄冈市,2,2020-4-12 17:16
7016298c9b734425aaf61cd3921144cc,bc490361a96f45b8a0a3b1c11549dfb7,15152045344,湖北省,黄冈市,1,2020-4-12 19:21
ca80adb91d4e4fd2b387a72ece79692a,918dee97e3494c3884503b42ddf64464,15895256052,湖北省,黄冈市,5,2020-4-12 15:22
ffe0f46a57db418c91a2a184672c6bd7,23089ac455af47039699eb28d639f247,15895256106,湖北省,黄冈市,4,2020-4-12 23:31
88d13e5faa97484ba1d6ce921ace8027,a541715bf8ad47df9dc026aac48b4708,15152046717,江西省,上饶市,5,2020-4-12 22:13
7a523d260b9b4f0bb354f71ed7e9aff9,bbba83508d9f4fbbaa8e1d4533d2cab6,13905223105,江西省,上饶市,4,2020-4-12 8:33
221de45e73b64bd4935fb90b08895783,303aaccd937540259c6a8929489cdeff,13905222121,江西省,抚州市,1,2020-4-12 3:55
658d00b57fcd42c485ef098495f853f4,b29f7d71765c4056acca91295c14d878,13905225106,湖南省,长沙市,4,2020-4-12 1:07
0091c43354534e6d8aecde641f7314ee,73a3b93e47564286b5635ae93156a01c,15895258572,湖南省,张家界市,2,2020-4-12 6:49
83d2eb0446dd4b588b961d978b60a350,050fb5fd4c814e3986beed6b6c1b025f,15895253221,湖北省,恩施土家族苗族自治州,4,2020-4-12 2:29
45246dbbc5d04f0285030fc9f5e850ba,10c8e2f788c146f2aed68443386e595f,15895252011,重庆市,重庆市,4,2020-4-12 16:39
bad8e02bace343f3a08adf2625aa6dd9,b0ca7bad0fba4cca8b8864e53400a2f5,13905222565,重庆市,重庆市,1,2020-4-12 7:49
1a8a5d0409fe42dfa72340f55cd0841f,c04d2214a3474084b4b9d88a70b10d23,15895257099,四川省,广元市,1,2020-4-12 17:47
5aa5bdcfde054283913336772c1383f5,c2e31c53dc074051a03c78a471887851,13905222499,重庆市,重庆市,4,2020-4-12 5:32
ec6080976dc94925ad6a63082b148dd6,ae5c114b4c014634840c24373bcb83bb,13905227376,云南省,曲靖市,3,2020-4-12 21:13