b05b0034cba34ad4a707b4e67f681c71,15152042581,109.348825,36.068516,陕西省,延安市,78.2,男,软件工程,70后,4,1,2020-4-12 20:54,0,,2020-4-12 20:06
23b60a8ff11342fcadab3a397356ba33,15152049352,110.231895,36.426178,陕西省,延安市,19.5,女,金融,80后,3,0,,0,,2020-4-12 4:04
1db33366c0e84f248ade1efba0bb9227,13905224124,115.23596,38.652724,河北省,保定市,13.7,男,金融,90后,7,1,2020-4-12 10:10,0,,2020-4-12 0:29
46cfb3c4b94a470792ace0efdd2df11a,13905223853,113.837765,34.743035,河南省,郑州市,41.9,女,新能源,00后,9,0,,0,,2020-4-12 1:15
878f401c9ca6437585ce1187053c220a,13905223356,113.837765,31.650084,湖北省,随州市,35.6,男,教育和培训,80后,8,1,2020-4-12 1:06,0,,2020-4-12 4:35
44165cf545734bf6a114aa641479e828,15895252169,109.275236,34.255614,陕西省,西安市,30.8,女,O2O,90后,8,0,,1,15152049060,2020-4-12 5:07
475976fccf3647da9019c4a447e9ae6f,15895257014,108.097809,34.560589,陕西省,咸阳市,83.6,女,制造业,80后,7,0,,0,,2020-4-12 23:03
52dffa4535e846fb8985f87008ae2fc9,13905222462,105.448598,35.167162,甘肃省,定西市,72.9,男,软件工程,90后,1,0,,1,15152046339,2020-4-12 9:39
721664be29b84dd09c7fe3404d8c6196,15895258818,108.02422,37.430552,陕西省,榆林市,32.8,男,金融,80后,8,0,,1,15152040868,2020-4-12 6:15
a17074d3fa3347dd94d9d03a97c79c7d,15895257341,110.74702,39.227457,陕西省,榆林市,20.1,女,金融,90后,8,0,,0,,2020-4-12 1:24
2bbff61a94ba49f3aa0416f34d5801aa,15895257720,116.413387,40.250107,北京市,北京市,29.9,女,新能源,00后,5,1,2020-4-12 21:26,1,15895254324,2020-4-12 6:18
93c0bc70a1a3488fb0c3d8d48d7b43de,15895259601,117.885171,40.811622,河北省,承德市,94.2,女,教育和培训,00后,1,0,,0,,2020-4-12 17:34
018bd63fa3bf4bff82302171944ec150,15895256287,123.772306,42.139864,辽宁省,铁岭市,29.8,女,O3O,00后,7,1,2020-4-12 19:41,1,15895252172,2020-4-12 21:20
757258b5d1064734b3fc9caafedb1acc,15152045182,124.876144,42.847858,吉林省,辽源市,91.3,女,制造业,70后,2,1,2020-4-12 22:00,0,,2020-4-12 16:37
552b5304c967482e9cedd5dc2d41d7a9,13905224158,125.612035,43.654733,吉林省,长春市,49.4,女,软件工程,70后,0,1,2020-4-12 4:42,1,15895251329,2020-4-12 2:34
8b83bffaf5ec491bb0db6013210ac758,13905229177,126.053571,44.080661,吉林省,长春市,73.1,女,金融,70后,8,1,2020-4-12 1:28,1,15895256584,2020-4-12 6:16
3eefb3042b4d46d8aba1ab5e9f215024,13905228604,127.304587,43.010094,吉林省,吉林市,36.2,男,金融,80后,1,0,,0,,2020-4-12 10:43
56e56e016f7b40deae789683f9bce4f9,15152041839,125.023322,41.920396,辽宁省,抚顺市,41.2,女,新能源,90后,3,1,2020-4-12 12:06,1,13905224134,2020-4-12 8:44
d2d6da2ea3a148a786cd456832422806,13905223476,125.023322,43.22574,吉林省,四平市,23.8,男,教育和培训,00后,7,0,,1,15152044905,2020-4-12 21:24
7a8ef5ce203844ed9a590d70f34db0bb,15152045093,125.023322,43.86808,吉林省,四平市,6.2,女,O4O,80后,5,1,2020-4-12 8:11,0,,2020-4-12 6:03
8dd2946cf1024816be6f7d8ff66b7fdf,15152047600,126.495106,45.753719,黑龙江省,哈尔滨市,95.5,女,制造业,90后,10,0,,1,15895253298,2020-4-12 22:04
904727e5324a428f87420d5071a0bd89,15152044543,126.863052,45.340053,黑龙江省,哈尔滨市,25.7,男,软件工程,80后,6,1,2020-4-12 16:56,0,,2020-4-12 6:39
0de353be17f5428e8604a312b0e407d7,15895256338,127.966889,45.184138,黑龙江省,哈尔滨市,73.2,女,金融,90后,10,0,,1,15152042204,2020-4-12 8:17
25af8eb54d8d4a438b4f9fe4624525e5,13905227079,126.495106,43.494219,吉林省,吉林市,14.6,女,金融,80后,4,1,2020-4-12 15:17,0,,2020-4-12 4:42
8518187483d240a3a4a0078a397bb022,13905220796,114.647247,40.306472,河北省,张家口市,81.9,男,新能源,90后,9,1,2020-4-12 3:46,0,,2020-4-12 12:39
fdb9c5f16da04a44a63112dc563ef141,15895251736,115.971852,39.967573,北京市,北京市,95.4,女,教育和培训,00后,7,1,2020-4-12 6:07,0,,2020-4-12 19:28
1042bdf06c324c5fbdfa813eb2bc084c,13905225184,116.339798,39.112886,河北省,廊坊市,15.4,男,O5O,00后,2,1,2020-4-12 8:55,0,,2020-4-12 1:24
1b05523666f74a9ba05855a752a05253,15895250236,116.781333,39.740694,北京市,北京市,80.3,男,制造业,00后,9,0,,1,15152042290,2020-4-12 11:21
16dc018edbb54de8b28d4375a18ce592,13905220720,117.002101,39.740694,河北省,廊坊市,58.8,女,软件工程,70后,9,0,,0,,2020-4-12 15:39
14a11e7aaad0441991bb0c28d30e49e3,13905220564,117.07569,39.284672,天津市,天津市,59.5,男,金融,70后,5,1,2020-4-12 13:43,1,15895257804,2020-4-12 17:29
36a4ad722b944758b45dcc601d022d9a,15895251212,116.928511,40.137235,北京市,北京市,48.2,女,金融,70后,6,0,,1,15895257035,2020-4-12 6:26
3eba1a57c4074ed7b6c9b16ca18c194d,15895253311,116.560565,40.306472,北京市,北京市,27.8,男,新能源,80后,1,0,,1,15895253692,2020-4-12 3:12
1586c69c05a644a28ac5930712925c80,15152044444,115.309549,41.312927,河北省,张家口市,27.3,女,教育和培训,90后,7,1,2020-4-12 23:45,1,13905222955,2020-4-12 3:01
692cd4715f3247e8b520a935a9208f6d,13905229773,115.309549,40.193695,河北省,张家口市,71.2,女,O6O,00后,9,1,2020-4-12 12:10,1,15152046803,2020-4-12 9:05
a8393cb6221641c2a17818269774e11c,15152040532,115.603906,39.51306,河北省,保定市,8.1,女,制造业,80后,8,0,,0,,2020-4-12 4:06
0679886aa70e42658e3671a0dbe68f6c,15152048807,116.634155,40.137235,北京市,北京市,90.2,男,软件工程,90后,4,1,2020-4-12 12:59,1,15152045276,2020-4-12 9:56
a62d2b681eeb4537a0ef3b2eb644a09d,13905226063,116.707744,40.867513,北京市,北京市,55.2,男,金融,80后,3,0,,1,15152042075,2020-4-12 20:07
09f22acb69494cfdaac67b2194dff306,15895257164,116.634155,40.867513,北京市,北京市,94.4,女,金融,90后,3,0,,1,15895250623,2020-4-12 10:58
210d668a235740cabbc21bfca805c6c2,15895251192,114.573657,40.531458,河北省,张家口市,60.3,男,新能源,80后,1,1,2020-4-12 15:41,0,,2020-4-12 22:17
324fb332738643ecae8fc955fa8be829,15895253404,114.647247,39.683857,河北省,张家口市,75.8,女,教育和培训,90后,5,0,,0,,2020-4-12 18:25
8eefbbebdeae4a77bab4f1ba5e35e290,15895258461,114.868014,39.05553,河北省,保定市,61.2,女,O7O,00后,6,0,,0,,2020-4-12 17:16
63802abcd02b4c0db71c978b95f8d28b,15895252076,115.23596,39.227457,河北省,保定市,43.7,男,制造业,00后,6,0,,1,15895253120,2020-4-12 8:21
8207c5b87e85468183b88809048fb5e0,15895255101,115.677495,39.456034,河北省,保定市,91.2,女,软件工程,00后,4,0,,1,15152045293,2020-4-12 11:57
9b98385e8cb644e2944bbed6289d0bf9,15152046741,115.677495,39.456034,河北省,保定市,12.1,男,金融,70后,8,1,2020-4-12 9:02,0,,2020-4-12 8:29
f92037e643964fb6b884f15a9dd80069,15895256733,116.707744,39.626972,北京市,北京市,68,男,金融,70后,3,1,2020-4-12 2:00,0,,2020-4-12 18:34
ac8cf65d66044cef901dd8bc563f0487,15152042048,116.928511,40.531458,北京市,北京市,86.1,女,新能源,70后,7,1,2020-4-12 2:08,0,,2020-4-12 13:23
ab3b08e8d8034215aa6a860603ba577b,15895250131,116.928511,40.531458,北京市,北京市,17.9,男,教育和培训,80后,8,0,,0,,2020-4-12 23:11
3fb7f4af1d9641d4aff378543eddf4cd,15152042558,116.045441,40.755684,河北省,张家口市,93.3,女,O8O,90后,1,1,2020-4-12 17:19,0,,2020-4-12 22:20
83ff5888fa2e4695a7a94cf75a39bc59,15895256367,115.898263,41.0349,河北省,张家口市,27.5,男,制造业,00后,5,1,2020-4-12 17:18,0,,2020-4-12 13:09
6eac5722994d43b2a94e1e40c7697630,13905225448,114.426479,40.362789,山西省,大同市,35.5,男,软件工程,80后,3,1,2020-4-12 18:57,1,15895255657,2020-4-12 2:44
7d13e16574ac431e99ef0a654a9d269b,15152042343,114.426479,40.362789,山西省,大同市,80,男,金融,90后,8,0,,1,13905221099,2020-4-12 20:14
93db30243de0434bb7717fead59ec9c6,15152041653,114.573657,40.362789,河北省,张家口市,68.5,男,金融,80后,4,1,2020-4-12 19:44,0,,2020-4-12 3:21
21c392e5527841e5a9914442277c11f7,15152048578,115.309549,40.587585,河北省,张家口市,83.5,男,新能源,90后,0,0,,0,,2020-4-12 19:45
be8c540346304240856bcc3c3323a97d,15152042834,115.309549,40.643666,河北省,张家口市,63.4,女,教育和培训,80后,1,0,,1,15152043356,2020-4-12 0:36
a2cf13f781374fec817cb3943c4ec29e,15152046482,116.266209,41.368389,河北省,承德市,79.9,女,O9O,90后,8,0,,1,15152042873,2020-4-12 1:30
fd8dead432d2489fa43921aeee3494ba,15152043972,116.486976,40.923356,北京市,北京市,29.9,女,制造业,00后,9,1,2020-4-12 15:29,1,15895255621,2020-4-12 7:13
2b8b010d91674a3f99a0a8d4d878a0d2,15895252784,117.296457,40.193695,北京市,北京市,5.3,女,软件工程,00后,9,1,2020-4-12 4:22,1,13905222584,2020-4-12 5:01
9fda289205db43cf98846f86ecf3ad86,15152041010,117.222868,39.170195,天津市,天津市,38.4,女,金融,00后,1,1,2020-4-12 19:19,1,15152044156,2020-4-12 2:35
d231007472544067ba4b7a0e43bf60f8,13905227740,116.11903,39.05553,河北省,保定市,31.3,女,金融,70后,5,1,2020-4-12 0:41,1,13905221497,2020-4-12 4:26
13de2f3dfb93402ab0ad66caa6f3fbbb,13905227014,115.677495,39.456034,河北省,保定市,20.5,女,新能源,70后,10,0,,1,13905224383,2020-4-12 22:34
63bb7cb269af4b6d968aad3ea458b7f3,13905229073,115.677495,39.683857,北京市,北京市,20.3,女,教育和培训,70后,5,0,,1,13905226741,2020-4-12 18:38
1ecad5291e904de78699518f55285e1b,13905228625,115.751084,40.137235,北京市,北京市,27.2,男,O10O,80后,5,1,2020-4-12 15:03,1,15895253416,2020-4-12 19:23
174ee146ff0d41fea3fa3dd4f573f955,13905224155,115.751084,40.137235,北京市,北京市,5.8,女,制造业,90后,7,0,,0,,2020-4-12 18:18
6a033545e9ca45e6b70a0ad2eb77f020,15152046936,115.530317,40.250107,河北省,张家口市,73.3,女,软件工程,00后,8,0,,1,13905227727,2020-4-12 0:13
6f62ac82c58f4d4a9eecc5128debb94e,15152048951,115.530317,40.250107,河北省,张家口市,41.5,男,金融,80后,7,0,,1,13905220796,2020-4-12 6:40
574f5967bb2a4b0c9042caf82aa099d6,15152042883,115.530317,40.250107,河北省,张家口市,45.6,男,金融,90后,0,1,2020-4-12 18:45,1,15895253873,2020-4-12 1:25
a07de992ac0740b8b9910202c638a5c9,13905222304,109.863949,40.137235,内蒙古自治区,鄂尔多斯市,61.6,女,新能源,80后,9,1,2020-4-12 12:07,0,,2020-4-12 10:31
84b5f11e846c45ce9751575ca098d943,15895259249,112.660338,40.643666,内蒙古自治区,乌兰察布市,32.1,女,教育和培训,90后,7,0,,1,15895254917,2020-4-12 21:54
e08a0c8a992545c5a0207e41fda16d17,13905224510,111.63009,40.979152,内蒙古自治区,呼和浩特市,11.5,女,O11O,80后,3,1,2020-4-12 19:27,0,,2020-4-12 14:03
78e8271fea514cafbcdb7439adb8a867,13905224968,112.954695,41.755295,内蒙古自治区,乌兰察布市,8,女,制造业,90后,1,1,2020-4-12 11:04,1,15152044333,2020-4-12 7:11
dd59ace3132f4db6ae39ce8f6c00a0f8,15895252252,112.218803,41.257416,内蒙古自治区,乌兰察布市,39.1,男,软件工程,00后,9,0,,0,,2020-4-12 7:48
d426331953a94ea3bb99a6a3706c0fc8,15895252934,111.850857,40.923356,内蒙古自治区,呼和浩特市,2.1,女,金融,00后,7,1,2020-4-12 9:04,0,,2020-4-12 7:57
66ee238a5e40485a81776d475b46c963,13905227511,111.409322,41.146253,内蒙古自治区,呼和浩特市,75.3,女,金融,00后,7,0,,0,,2020-4-12 13:44
d9d887eda48549b1b587d50ae9f87f17,13905227112,112.218803,41.257416,内蒙古自治区,乌兰察布市,96.7,女,新能源,70后,0,0,,1,13905222926,2020-4-12 5:58
58bfd7db7a27434e9d7e168dc5fd954e,15895253200,106.699614,38.825637,宁夏回族自治区,石嘴山市,71.9,女,教育和培训,70后,6,0,,1,13905229706,2020-4-12 11:13
34d82a5b22e54d1e9b656d1034bcee0f,13905229205,106.699614,38.652724,内蒙古自治区,鄂尔多斯市,98.1,男,O12O,70后,4,1,2020-4-12 13:02,0,,2020-4-12 10:27
0b9d6ae056a14345aa69d701f8bfc6e3,15895251450,106.258079,38.652724,宁夏回族自治区,银川市,1.7,女,制造业,80后,3,1,2020-4-12 17:04,0,,2020-4-12 1:07
9501633e149547d68426e47622239d16,15152046705,106.331668,38.363598,宁夏回族自治区,银川市,81.7,男,软件工程,90后,3,1,2020-4-12 23:29,0,,2020-4-12 6:49
6e1e0e2d2f6a4bef8753177569acd2e3,13905227371,101.548371,36.60439,青海省,西宁市,55.6,男,金融,00后,9,1,2020-4-12 17:41,0,,2020-4-12 2:29
400d0b2bc3f146dab96d1b8a44bc359d,15152045795,100.886068,36.068516,青海省,海南藏族自治州,36.7,女,金融,80后,8,1,2020-4-12 18:00,0,,2020-4-12 16:39
3ad590df0a794876aefeb23483c706c7,15895259289,100.886068,36.722967,青海省,海南藏族自治州,70.1,男,新能源,90后,10,0,,1,13905226552,2020-4-12 7:49
a01d92281895470e87045198ca810652,15152041869,102.063495,36.722967,青海省,海东地区,33,女,教育和培训,80后,10,1,2020-4-12 4:56,0,,2020-4-12 0:36
7c71b0d613cb455cadf819969bcc3805,15895259712,100.959658,37.018604,青海省,海北藏族自治州,99.8,女,O13O,90后,8,0,,0,,2020-4-12 20:03
89bce23f62ce40b89f5a8b4ea5f854b3,13905221918,101.033247,37.077592,青海省,海北藏族自治州,10.7,女,制造业,80后,4,1,2020-4-12 13:35,1,15895250289,2020-4-12 14:54
39cec85d51d84990aaa3275419c1b3c9,15152043665,87.713604,43.494219,新疆维吾尔自治区,乌鲁木齐市,100,女,软件工程,90后,1,1,2020-4-12 5:09,0,,2020-4-12 17:47
80f138956c70455d8954bf38ccfd7289,15152042346,87.713604,43.494219,新疆维吾尔自治区,乌鲁木齐市,45.8,女,金融,00后,7,0,,0,,2020-4-12 5:32
a20628d509ea485da3b90e14f99992f9,13905220022,87.713604,43.86808,新疆维吾尔自治区,乌鲁木齐市,93.5,女,金融,00后,2,0,,1,15895252582,2020-4-12 21:13
263c84931d5e44dda58ecfe6e6b5dd94,15152043896,87.713604,43.86808,新疆维吾尔自治区,乌鲁木齐市,27.5,男,新能源,00后,3,1,2020-4-12 4:07,0,,2020-4-12 12:11
daeb20604e3e4581b77d1562690597a6,13905226139,87.492836,43.601276,新疆维吾尔自治区,乌鲁木齐市,89.2,女,教育和培训,70后,10,0,,1,15152040706,2020-4-12 3:13
6fa71978c3ff40c2bc36908dd6a1a0b0,13905227154,87.640015,42.793684,新疆维吾尔自治区,吐鲁番地区,80.4,男,O14O,70后,6,0,,1,15895256007,2020-4-12 19:42
640ab1e968944c87b05afdbfd9b6e246,13905227175,87.345658,43.86808,新疆维吾尔自治区,乌鲁木齐市,67.9,女,制造业,70后,5,0,,1,15895252198,2020-4-12 8:33
69f5c66bae474c5b8b1f883b97579c01,13905220555,91.098707,29.74232,西藏自治区,拉萨市,10.8,男,软件工程,80后,5,0,,1,15895254346,2020-4-12 3:55
8b91e25a8c5f47e198e80b293e0b5666,13905225969,91.098707,29.74232,西藏自治区,拉萨市,67.9,女,金融,90后,1,1,2020-4-12 17:24,0,,2020-4-12 17:16
d4b1c3fda60f4e3cbbbe4ab706b3f817,13905227442,91.466652,30.446249,西藏自治区,拉萨市,22.2,男,金融,00后,6,0,,0,,2020-4-12 19:21
eb65d6fb52da4373805ec155c66c731c,15895250108,93.52715,29.99888,西藏自治区,林芝地区,2.7,女,新能源,80后,4,0,,0,,2020-4-12 15:22
3daf5492764f4142bfb7508333e0c8a0,13905221539,91.908188,29.227209,西藏自治区,山南地区,36.4,男,教育和培训,90后,2,1,2020-4-12 7:55,0,,2020-4-12 23:31
3cb2e174413045fdbd5376e10d2972a9,15152045269,104.271171,30.637348,四川省,成都市,21.2,女,O15O,80后,9,0,,1,15152042235,2020-4-12 22:13
6f73f20728864f209a235a5a899f29df,15895259676,104.712706,29.61379,四川省,内江市,24.7,女,制造业,90后,3,0,,0,,2020-4-12 18:07
635340b468314ee28162c313fc835ebb,15895256478,103.976814,30.891555,四川省,成都市,81,女,软件工程,80后,4,0,,0,,2020-4-12 22:59
eee946e6ba6a4a57954e08b7c3f97a14,15152045402,104.34476,30.318639,四川省,资阳市,65.4,男,金融,90后,1,1,2020-4-12 14:02,0,,2020-4-12 12:24
5d35662466234e76a9c564c9434968d9,15152046302,105.007063,31.334779,四川省,绵阳市,89.5,男,金融,00后,5,1,2020-4-12 14:35,1,15152041974,2020-4-12 4:17
8c88a30a8fc047ae89612660ea21f450,13905228561,103.535279,30.254771,四川省,成都市,88.1,男,新能源,00后,6,0,,0,,2020-4-12 5:05
958a659a6edd482ba7df31a5b39ca2e5,15895256388,107.06756,30.700964,四川省,达州市,10.7,男,教育和培训,00后,3,1,2020-4-12 7:40,0,,2020-4-12 3:11
9004c38c7dd940bd840cd5db2104f46f,15152043164,106.993971,29.485095,重庆市,重庆市,71.4,男,O16O,70后,9,1,2020-4-12 21:23,0,,2020-4-12 16:24
b76cd6603b98426f90733224b67e17a5,15152042810,106.846793,29.162635,重庆市,重庆市,74.1,男,制造业,70后,4,1,2020-4-12 21:46,0,,2020-4-12 3:25
781d321b4a7849719ac1e89e45c0806f,15895257405,105.448598,29.356235,重庆市,重庆市,5.8,女,软件工程,70后,3,1,2020-4-12 2:04,1,15895258368,2020-4-12 11:01
71d093bf300f43fb99562d613227816e,15152048982,106.258079,30.190861,重庆市,重庆市,27.5,女,金融,80后,5,0,,0,,2020-4-12 15:16
8b7c0708e23549beb05981aaaf7acfd5,13905222585,106.110901,28.968665,重庆市,重庆市,98.8,女,金融,90后,2,1,2020-4-12 2:34,0,,2020-4-12 8:25
319dd5d55e7d4766aa1af31ae8ca5c49,15895253182,106.110901,30.190861,重庆市,重庆市,30.7,男,新能源,00后,2,0,,0,,2020-4-12 0:11
7c51307b6ab248f89a0122f6ea094cbb,15152040152,106.552436,27.53508,贵州省,遵义市,26.3,女,教育和培训,80后,9,1,2020-4-12 3:44,1,15895256855,2020-4-12 7:02
cb1e09f147b94bb48921d21ddb64baff,15895251608,108.760112,27.008993,贵州省,黔东南苗族侗族自治州,19.3,女,O17O,90后,0,0,,0,,2020-4-12 12:43
0a48ef2c65384a73b25e8e1a0680d556,15895258275,107.361917,26.015866,贵州省,黔南布依族苗族自治州,14,女,制造业,80后,3,0,,0,,2020-4-12 6:56
311812273eaf4429b9ec9dd84a694563,15895258253,106.331668,26.347872,贵州省,安顺市,92.5,女,软件工程,90后,5,1,2020-4-12 11:55,0,,2020-4-12 8:19
6a27b0c6fd554249979efbd6069fd3a2,15895257796,106.920382,26.414158,贵州省,黔南布依族苗族自治州,63.1,男,金融,80后,9,1,2020-4-12 9:14,1,13905228247,2020-4-12 3:53
672063fc88b04c89ba43b1b30d032ea1,13905229779,117.370046,32.527193,安徽省,滁州市,53.3,女,金融,90后,9,0,,0,,2020-4-12 13:56
8d2a07cc3ec048a09e9e75d01d19313b,13905228309,117.222868,31.964312,安徽省,合肥市,0.8,女,新能源,00后,6,1,2020-4-12 13:20,0,,2020-4-12 4:17
4ee96e7912754e3bb7c2e1232613c26b,13905229833,116.192619,31.650084,安徽省,六安市,96.5,女,教育和培训,00后,3,0,,1,15895255957,2020-4-12 12:53
f6d8bfddc3bb4693b6e8ced298e51fc4,13905229849,116.413387,32.776228,安徽省,阜阳市,65.6,女,O18O,00后,4,0,,1,13905223231,2020-4-12 14:50
6b487426fbf0498eb69d7b27e3e1ad26,13905229272,114.868014,35.227571,河南省,新乡市,22.3,女,制造业,70后,3,0,,0,,2020-4-12 4:38
08424636797344f3b69fdbf79625a8e7,15152049424,115.015192,34.072091,河南省,周口市,46,男,软件工程,70后,3,1,2020-4-12 11:38,1,13905229491,2020-4-12 16:28
1b957228ac6349ee88257348ede09cc9,15895252483,113.837765,34.743035,河南省,郑州市,87.1,男,金融,70后,5,0,,0,,2020-4-12 21:44
bcdc0050b80d4b8d93266a0193c66229,15895253199,115.23596,35.528933,河南省,濮阳市,64.6,男,金融,80后,2,0,,1,13905227142,2020-4-12 4:56
37cc359edfb9448b8b62c3c9f37306be,15152049484,114.500068,36.366683,河北省,邯郸市,11.8,女,新能源,90后,3,0,,1,15152042839,2020-4-12 17:32
95058a74318d486fa5c40dd6b8362364,15895252089,117.370046,36.663702,山东省,济南市,65.4,女,教育和培训,00后,10,0,,1,15152043557,2020-4-12 23:38
6d49d9da64734ed48cdc615d703b79f0,13905227828,117.443636,36.782187,山东省,济南市,36.9,男,O19O,80后,10,0,,1,15895251028,2020-4-12 6:40
e99735f5942e4ecfa94e26e697b228fe,15152043083,117.664403,37.195431,山东省,淄博市,15.4,女,制造业,90后,9,0,,1,15152049122,2020-4-12 9:26
6235cd4939e0438a81b1c9667d85f1a1,15152044953,117.664403,37.195431,山东省,淄博市,52.7,男,软件工程,80后,3,0,,0,,2020-4-12 11:23
46f25f670a1c4582b53a5a3d32499155,13905223478,116.045441,36.18792,山东省,聊城市,46.7,女,金融,90后,8,0,,0,,2020-4-12 8:35
64ad8fbbffde4eea88cb8e42b17bcc7d,15152047479,117.590814,37.547835,山东省,滨州市,87.2,女,金融,80后,1,1,2020-4-12 21:37,1,15895251196,2020-4-12 17:11
30b9e91babab424fac57dc1169ee471e,15895254021,117.149279,37.224862,山东省,济南市,74.8,男,新能源,90后,7,0,,0,,2020-4-12 5:44
7c6f77c2e6c541f8bd559a62106729c8,15152045606,116.670949,37.81104,河北省,沧州市,97.8,女,教育和培训,00后,7,0,,0,,2020-4-12 4:08
413526876e00442c88d841d525eea603,15152045381,116.082236,37.694176,河北省,衡水市,47.5,男,O20O,00后,4,1,2020-4-12 8:21,0,,2020-4-12 18:08
6880192da9d84588ad1fb6ffcc21f94f,15152042854,115.088782,38.131456,河北省,石家庄市,10.4,男,制造业,00后,2,0,,0,,2020-4-12 5:37
09099efb89924680985725e0e29fb7a9,13905225412,115.23596,38.537214,河北省,保定市,36.1,女,软件工程,70后,6,0,,0,,2020-4-12 8:43
283896dec7114c36bded53dc70ea2f55,13905221393,115.530317,38.768046,河北省,保定市,4.1,男,金融,70后,3,0,,0,,2020-4-12 19:18
dfeb69a675dc499a833ec2ff024c8e6a,15895251602,117.07569,38.594992,河北省,沧州市,93.5,男,金融,70后,4,1,2020-4-12 19:12,0,,2020-4-12 11:27
67db856d8ab3427887fb8bdd52d85b61,15152048151,116.928511,38.825637,天津市,天津市,14,男,新能源,80后,10,0,,1,15895255320,2020-4-12 7:07
93bc114b6ec44f1b861b0b1318101317,15152048554,116.928511,39.05553,天津市,天津市,32.3,男,教育和培训,90后,6,0,,1,15152043379,2020-4-12 14:55
1ab89fca431048b08af53d3c6b90f8bb,13905222440,117.921965,39.370406,河北省,唐山市,91.5,男,O21O,00后,3,1,2020-4-12 2:03,0,,2020-4-12 3:04
cda2ad96264d4f6e823c5e08537cd213,15895255818,118.3635,39.65542,河北省,唐山市,9.1,男,制造业,80后,6,0,,0,,2020-4-12 19:40
6c507a1e1936444f96630ace67c5f084,15152044577,118.3635,39.65542,河北省,唐山市,86.4,男,软件工程,90后,2,1,2020-4-12 2:40,0,,2020-4-12 17:36
cf1d64147bb8441ea632b5c2d289bd4f,15895253671,117.664403,39.882582,河北省,唐山市,34.7,女,金融,80后,9,1,2020-4-12 9:28,0,,2020-4-12 3:15
5a564a6ca8de4db28942d98bfae9a578,13905228602,118.43709,39.854228,河北省,唐山市,71,男,金融,90后,5,0,,0,,2020-4-12 16:18
864738e840fb46be9c85e052c078f60a,15895251957,118.584268,39.712281,河北省,唐山市,10.3,女,新能源,80后,2,1,2020-4-12 2:06,0,,2020-4-12 11:03
7d67b6c6c18245728014633b3c33dffa,13905226848,118.878625,39.626972,河北省,秦皇岛市,12.5,男,教育和培训,90后,10,1,2020-4-12 8:19,1,15895250723,2020-4-12 16:31
6931bf9deb3a4a0bb4846b434b18939f,13905222648,119.761695,39.967573,河北省,秦皇岛市,63.7,女,O22O,00后,7,1,2020-4-12 8:18,0,,2020-4-12 5:25
1b9626a3e2d6464f80b91af2d44426c4,13905224101,119.7249,40.108988,河北省,秦皇岛市,87.9,男,制造业,00后,2,1,2020-4-12 15:01,0,,2020-4-12 2:03
511338053a4243ffa2e5e3e5caa41c69,15152042800,119.688106,40.306472,辽宁省,葫芦岛市,80.1,男,软件工程,00后,4,0,,0,,2020-4-12 19:22
db115444cfab4057b7d6c3adc48bce3a,15152042909,119.688106,40.39093,辽宁省,葫芦岛市,13.9,男,金融,70后,7,1,2020-4-12 0:18,0,,2020-4-12 9:18
17185a63ade9451db9c830e84cd115db,15152049248,118.768241,40.278295,河北省,秦皇岛市,41.2,男,金融,70后,3,1,2020-4-12 5:44,0,,2020-4-12 3:48
c1772c06b81545d0a65dc7bd9dce8547,13905221160,119.688106,40.531458,辽宁省,葫芦岛市,57.6,女,新能源,70后,2,0,,1,15152044766,2020-4-12 16:04
da1829ce3084408da26cc29bc38b6650,15895255833,120.092846,40.503376,辽宁省,葫芦岛市,30.1,男,教育和培训,80后,6,1,2020-4-12 5:52,0,,2020-4-12 7:00
4b96045144514b569566f71bbacf45cb,15152040316,120.387203,40.755684,辽宁省,葫芦岛市,53.6,男,O23O,90后,4,0,,0,,2020-4-12 18:49
12eff2823b434196854789d743ae4323,13905229611,120.828738,40.671688,辽宁省,葫芦岛市,29.5,女,制造业,00后,7,0,,0,,2020-4-12 0:49
973cc39f73b44cbc97c9ba0ecbbdf274,13905223317,120.828738,40.671688,辽宁省,葫芦岛市,75.3,男,软件工程,80后,5,0,,0,,2020-4-12 21:21
029d8837d103485c8c0471e3549555c7,15152040169,120.902327,41.0349,辽宁省,葫芦岛市,72.1,女,金融,90后,5,0,,1,13905223256,2020-4-12 22:25
c3a41554154749cfba3a10689bf06347,15152042217,120.939122,41.118433,辽宁省,葫芦岛市,26.8,女,金融,80后,3,0,,0,,2020-4-12 0:24
e63d8e30488540629a5700590d00f29d,15152048668,120.975917,41.201859,辽宁省,锦州市,96.5,女,新能源,90后,4,0,,0,,2020-4-12 6:42
166799a77cc8489d99852955ad3b2f3b,15152040908,120.865533,41.617382,辽宁省,朝阳市,39.8,男,教育和培训,80后,8,1,2020-4-12 11:32,0,,2020-4-12 16:14
7e69d9ce4db34b52a3af11aa12202b40,13905228615,119.32016,42.549308,内蒙古自治区,赤峰市,34.9,男,O24O,90后,9,0,,0,,2020-4-12 8:54
d6ecb31fa39043579850003c00e36756,15152048504,118.915419,42.057653,内蒙古自治区,赤峰市,70.7,女,制造业,00后,4,1,2020-4-12 23:41,1,15895258983,2020-4-12 17:32
1cbc442253764c18a7206357464bd3c6,15152047816,118.768241,42.112473,内蒙古自治区,赤峰市,88.5,女,软件工程,00后,1,0,,0,,2020-4-12 1:22
9d4e6add04ed4b8195305a5431f737d5,15152044908,119.504133,42.658039,内蒙古自治区,赤峰市,43.1,男,金融,00后,6,0,,0,,2020-4-12 10:34
7479c142ccb34326a595379eb3200c6a,15895251455,122.815646,43.654733,内蒙古自治区,通辽市,42.2,男,金融,70后,8,1,2020-4-12 14:05,1,13905221802,2020-4-12 3:25
9ae45a83ac7148a08d71cefc70f976a6,13905222265,121.858987,43.86808,内蒙古自治区,通辽市,25.9,女,新能源,70后,9,1,2020-4-12 16:54,1,15152044804,2020-4-12 7:29
9b54842a1132466ba94da011d97e8896,15152042397,122.631673,43.654733,内蒙古自治区,通辽市,89.9,男,教育和培训,70后,2,1,2020-4-12 16:23,1,15152048915,2020-4-12 7:49
3874ba6530124359880369fd449d9151,13905223028,119.283365,31.366357,江苏省,常州市,64.8,男,O25O,80后,5,0,,0,,2020-4-12 7:13
f1b30fe583f14ad4a2a4c2ac812ded06,13905225138,118.989009,31.995675,江苏省,南京市,65.6,男,制造业,90后,4,0,,1,15895258045,2020-4-12 7:06
346b09af09794ac789acad213feca43a,13905224152,118.952214,31.995675,江苏省,南京市,92.5,女,软件工程,00后,5,0,,0,,2020-4-12 10:40
8c35f4dfbd0142a7bd9730526d23d881,13905225650,118.621063,31.492565,安徽省,马鞍山市,11,男,金融,80后,4,0,,1,15152049336,2020-4-12 8:25
8c9a3faaf9814598a798390c9b06640c,15895255098,118.621063,31.932938,江苏省,南京市,54.3,女,金融,90后,6,1,2020-4-12 21:14,0,,2020-4-12 3:25
238ab04d1e384bc69ed5915b8eb3fbb3,15895257605,118.510679,31.050089,安徽省,芜湖市,16.1,男,新能源,80后,4,0,,0,,2020-4-12 4:46
5dde0f5ee7be4dcba8cc1260c7376544,15152045454,115.419933,30.478126,湖北省,黄冈市,78.5,男,教育和培训,90后,7,1,2020-4-12 5:57,0,,2020-4-12 20:33
f6327ec78e7349b1972a22ef4fe92907,15152040829,116.266209,30.478126,安徽省,安庆市,71.8,女,O26O,80后,10,0,,0,,2020-4-12 5:33
3107a6aa81d34fc8a46a7c1a1d906300,13905225457,117.664403,29.710203,安徽省,黄山市,30.6,男,制造业,90后,9,1,2020-4-12 7:49,0,,2020-4-12 20:46
34a60ad914f44647819629d11854ce4b,13905228372,117.848376,29.710203,安徽省,黄山市,3.3,男,软件工程,00后,6,0,,0,,2020-4-12 11:38
8c9b5088349c4fadba095135ad530b8b,15895250526,118.43709,29.356235,浙江省,衢州市,77.2,男,金融,00后,6,0,,1,15152042141,2020-4-12 18:03
ba09eb9e61384f45a3ff9923c4397489,15895252966,119.32016,30.190861,浙江省,杭州市,32.2,男,金融,00后,8,1,2020-4-12 6:17,0,,2020-4-12 7:00
fac653c829834ab59113c4e3bdec256d,15152047263,119.172982,29.420686,浙江省,杭州市,50.4,女,新能源,70后,9,0,,1,15895257297,2020-4-12 3:21
3a74abe6f77a48c2bd81bbbfc8fd3443,15895252728,115.567111,30.350558,湖北省,黄冈市,30.2,男,教育和培训,70后,1,0,,1,15152046140,2020-4-12 5:56
3d4f3fc38fdb46da86103e808cec989f,13905220009,115.493522,31.113428,湖北省,黄冈市,67.3,男,O27O,70后,7,1,2020-4-12 4:43,1,15895255086,2020-4-12 22:32
bb2abcfc0891457f82ca569a51f69f69,13905228442,115.567111,30.158891,湖北省,黄冈市,44.2,女,制造业,80后,6,1,2020-4-12 3:19,0,,2020-4-12 7:28
d7528823417e4754a5f0618f9df972dc,15895255587,115.640701,29.966846,湖北省,黄冈市,49.2,女,软件工程,90后,9,1,2020-4-12 16:02,0,,2020-4-12 11:50
5c7b95006c3a49978f209621d00f3806,15152044402,117.701198,28.677022,江西省,上饶市,85.8,女,金融,00后,9,1,2020-4-12 2:27,0,,2020-4-12 7:39
98d335d9a13b4e94850f2380b5d24144,13905225980,117.554019,28.286885,江西省,上饶市,19.5,女,金融,80后,6,0,,1,15152046540,2020-4-12 7:44
1fae1e41477846bf95f237c67c256589,15895250770,116.59736,28.156516,江西省,抚州市,40.5,女,新能源,90后,1,1,2020-4-12 8:40,1,15152046137,2020-4-12 9:40
16a5523b9f914fae8b013fa43282f0f8,13905222731,112.329187,28.091272,湖南省,长沙市,91.1,男,教育和培训,80后,6,1,2020-4-12 4:12,1,15152048629,2020-4-12 9:46
8b3444cc2fbe45b58b11def32b3a2d92,15895252261,109.900744,29.452896,湖南省,张家界市,54.1,女,O28O,90后,7,0,,0,,2020-4-12 14:16
8b46a62caa0e453fa12d72deb73d61d5,13905225483,108.870495,30.350558,湖北省,恩施土家族苗族自治州,41,女,制造业,80后,4,0,,0,,2020-4-12 16:52
fcfc728f43984a2eb9f7b8c663e9d342,15152046513,108.208193,31.239978,重庆市,重庆市,8.5,男,软件工程,90后,7,0,,1,13905220350,2020-4-12 18:43
a997538fc85c43078676b0d81288df3c,15152047300,108.42896,31.176724,重庆市,重庆市,97.4,男,金融,00后,5,1,2020-4-12 22:43,1,15152047079,2020-4-12 14:44
c05d681564b24e05822050e0249f0e22,15895257183,105.70616,31.681555,四川省,广元市,46.8,女,金融,00后,2,0,,1,15152042131,2020-4-12 19:18
d0c1d1aa701a4aba8b5d40ef7041296f,13905228945,108.134603,30.986707,重庆市,重庆市,53.5,男,新能源,00后,0,0,,0,,2020-4-12 19:49
9a102c59725f4d059e9371f52e5eeec0,15895256480,103.719252,26.314714,云南省,曲靖市,11,男,教育和培训,70后,2,1,2020-4-12 9:45,0,,2020-4-12 4:35
d4b47f9e5e924403948a715fc87e75b6,13905221152,103.719252,26.314714,云南省,曲靖市,72.1,女,O29O,70后,3,1,2020-4-12 11:42,0,,2020-4-12 8:56
89de6c451f984203adf6d5a5f6ede74b,15152048535,102.98336,31.492565,四川省,阿坝藏族羌族自治州,36.3,男,制造业,70后,9,0,,1,15895250199,2020-4-12 14:30
d2248c24739242389d04d7a87690b9b0,15152041533,103.866431,32.931519,四川省,阿坝藏族羌族自治州,72.9,男,软件工程,80后,2,0,,1,15895254519,2020-4-12 4:30
2e05151dff0e453e90e1cb593db5e034,15152041428,111.225349,31.995675,湖北省,襄阳市,24.6,男,金融,90后,9,1,2020-4-12 12:21,1,15152044928,2020-4-12 18:11
0d76da3fd4e24c68b8c1855ceb723623,15152044150,109.532798,31.303189,重庆市,重庆市,42,女,金融,00后,1,0,,1,13905221955,2020-4-12 6:14
e035e098e4264b9784833447cbb74928,15152049315,104.160787,32.931519,四川省,绵阳市,14.6,男,新能源,80后,6,0,,1,15152040710,2020-4-12 18:00
6b25fddd2b6b4cd4acfaa387be60293e,15152043856,103.498485,33.4266,四川省,阿坝藏族羌族自治州,7,男,教育和培训,90后,4,0,,1,13905222369,2020-4-12 16:55
d8b101873164424c9e01cc1c55837237,13905229025,96.728279,36.158086,青海省,海西蒙古族藏族自治州,92.6,女,O30O,80后,4,1,2020-4-12 13:16,1,15895254182,2020-4-12 1:16
e78a636580ae47419e13f9113db47cc7,15895253501,116.450182,42.221968,内蒙古自治区,锡林郭勒盟,47.3,男,制造业,90后,3,1,2020-4-12 4:16,0,,2020-4-12 7:49
e87a888148324a5c8938f884838dcfae,15152048907,120.056052,43.252641,内蒙古自治区,赤峰市,87.2,女,软件工程,80后,5,1,2020-4-12 5:59,0,,2020-4-12 11:36
70eeef6c58204ccebc5a81a984885b21,15152049924,122.190138,44.529852,内蒙古自治区,兴安盟,73.6,女,金融,90后,1,0,,1,13905225127,2020-4-12 7:43
764fdd1bd65a43bf9eacc5842d56e894,13905229789,123.367565,44.477186,吉林省,松原市,73.4,女,金融,00后,8,1,2020-4-12 15:34,0,,2020-4-12 10:12
a56caa33bf1a479bba832b341fbde2a1,15152045310,125.722419,45.882362,黑龙江省,绥化市,27.4,男,新能源,00后,8,1,2020-4-12 9:39,1,13905222193,2020-4-12 0:49
6a791a0a6d494375a392961937faf7dd,15152041508,130.064181,45.882362,黑龙江省,牡丹江市,17.7,女,教育和培训,00后,0,0,,1,13905229014,2020-4-12 17:11
7351bb7ed66b47cbbd7247693d75f244,13905225031,125.133706,47.202523,黑龙江省,大庆市,58.6,女,O31O,70后,1,0,,0,,2020-4-12 19:30
c26ede864ea2483e99a6b4482b5b682c,15152044657,123.956279,48.048261,黑龙江省,齐齐哈尔市,34.6,女,制造业,70后,4,0,,1,13905226798,2020-4-12 19:16
478fe6f9a6274b168789abeabeb70dd2,15895257218,128.739576,47.998893,黑龙江省,伊春市,55.3,男,软件工程,70后,4,0,,0,,2020-4-12 6:35
b429f93ca56c40f58e5d74d8e7df4508,15152043005,129.328289,45.830941,黑龙江省,哈尔滨市,80.1,女,金融,80后,6,0,,0,,2020-4-12 17:57
0e13e254b74f4e75a7e98850d28048a3,13905221984,128.077273,43.037092,吉林省,延边朝鲜族自治州,71.3,女,金融,90后,5,1,2020-4-12 8:10,1,13905228615,2020-4-12 23:15
10148d9bb7f54284b20b23646617ae4d,15152047163,126.237544,41.617382,吉林省,通化市,51.3,女,新能源,00后,6,0,,0,,2020-4-12 15:38
dd4301d554094b32b1bd1c7bd9fa68d6,13905226167,118.216322,36.87093,山东省,淄博市,99.2,女,教育和培训,80后,9,0,,0,,2020-4-12 21:15
c8abefbb9adf47659f09d04d19447358,13905221214,116.818128,34.041465,安徽省,淮北市,30.4,女,O32O,90后,4,0,,0,,2020-4-12 17:00
6574998def844933b9368e3a6ddc2070,15152047374,116.744538,32.869435,安徽省,淮南市,48.9,女,制造业,80后,9,0,,1,15152042311,2020-4-12 0:26
d532ba38a6374bbf96c9abdb345e8517,15895252227,115.861468,34.286162,河南省,商丘市,13.6,男,软件工程,90后,1,1,2020-4-12 14:46,1,15895252880,2020-4-12 3:54
b91cc01012524cd78f9cd9327f12de96,13905221736,112.329187,34.530142,河南省,洛阳市,99.7,男,金融,80后,7,0,,0,,2020-4-12 2:12
4111d041ee024fd7a57d293cc6c3ac50,13905220479,112.329187,34.530142,河南省,洛阳市,50.1,女,金融,90后,8,1,2020-4-12 19:30,1,15895257808,2020-4-12 2:06
9ba96878ca2844e5ba1e28e4e9bd1f7d,15895257658,112.255598,34.530142,河南省,洛阳市,61.8,女,新能源,00后,7,0,,1,13905229487,2020-4-12 7:35
5f69a83e3a204ad4bb271b59b1977ae4,15152046225,108.649728,33.549929,陕西省,商洛市,7.8,女,教育和培训,00后,3,1,2020-4-12 10:45,0,,2020-4-12 16:58
d7a76610df99453aa1f9430b1208b466,15152040526,108.944085,33.055554,陕西省,安康市,75.6,女,O33O,00后,3,1,2020-4-12 1:18,0,,2020-4-12 8:30
0014b177c2564752bf2d1b8079d31baf,13905226918,109.017674,32.433624,陕西省,安康市,12.1,男,制造业,70后,1,1,2020-4-12 3:41,0,,2020-4-12 20:38
e8296ef20a83420480a2da362a7310a1,15152045655,109.238441,31.744465,重庆市,重庆市,72.6,女,软件工程,70后,0,1,2020-4-12 17:42,0,,2020-4-12 9:41
3acac93e4e594ddfba5bc857533b6604,13905220498,109.238441,28.091272,贵州省,铜仁市,45.4,女,金融,70后,1,1,2020-4-12 1:39,1,13905222123,2020-4-12 0:48
77f1a1376fd94bc9b7ef6e7485a26a12,15152046681,108.723317,25.315567,广西壮族自治区,柳州市,51.2,男,金融,80后,8,1,2020-4-12 16:22,0,,2020-4-12 0:44
74113fadeff64e51b2cccc79f60108a2,15152044312,110.415868,22.815589,广西壮族自治区,玉林市,76.8,男,新能源,90后,3,0,,1,15152041669,2020-4-12 4:20
d9898160851b44bc8a713e47015623ae,15895256728,109.459209,23.360269,广西壮族自治区,贵港市,42.2,女,教育和培训,00后,8,0,,0,,2020-4-12 13:51
12f30e8b70404916b7e05a8664192eb3,15152042361,110.26869,23.360269,广西壮族自治区,贵港市,11.5,女,O34O,80后,4,1,2020-4-12 7:29,0,,2020-4-12 17:49
de2b3c953fcb40c68bedfe666d35086e,15895252446,113.580203,23.902697,广东省,清远市,62.8,女,制造业,90后,1,0,,1,13905220687,2020-4-12 6:50
95dd0823bc374a7ea23833b1828e8ac8,15895255057,113.138668,23.902697,广东省,清远市,63.7,男,软件工程,80后,2,1,2020-4-12 8:20,0,,2020-4-12 0:11
f93fb706bd8b4a5d8a57362c889ca2c1,15152040822,113.212257,23.699553,广东省,清远市,62.5,男,金融,90后,9,0,,1,13905227025,2020-4-12 13:23
7a072cd51673431b9f562c90e5485071,13905227156,110.563047,22.679072,广西壮族自治区,玉林市,4.3,女,金融,80后,4,1,2020-4-12 6:29,1,15152042984,2020-4-12 9:07
a8a6f91fd16f42898603acb81fedb16b,15152042146,113.727382,23.020106,广东省,东莞市,77.2,男,新能源,90后,1,1,2020-4-12 9:07,1,15152048716,2020-4-12 8:24
f84b6d37ef8a49c99078747d737d0056,13905227929,113.800971,23.224309,广东省,广州市,89.4,男,教育和培训,00后,8,1,2020-4-12 17:12,0,,2020-4-12 0:20
3cb963d6eefc4e8eaebf3bc6693ea40a,13905227514,112.329187,24.980638,广东省,清远市,79.9,女,O35O,00后,8,1,2020-4-12 10:16,1,15895254734,2020-4-12 10:43
6631c5ed272c4b54a4d30672c5cc8358,15895256462,114.75763,24.173054,广东省,河源市,7.3,男,制造业,00后,4,0,,0,,2020-4-12 12:13
9a39ba7ba04f478480a14a6b72a17361,15152045942,114.75763,24.308016,广东省,河源市,73.7,女,软件工程,70后,0,1,2020-4-12 4:05,0,,2020-4-12 21:33
5e0886c94ec3492d93093c6ebd89b194,15152046985,112.549955,24.846407,广东省,清远市,4.3,男,金融,70后,7,0,,1,13905228906,2020-4-12 15:11
f986f47fdc7d4840a743d8502bdb583e,15152040058,114.536863,24.105519,广东省,河源市,15.6,女,金融,70后,6,1,2020-4-12 5:34,1,15895250003,2020-4-12 5:17
03e350314e974bd889d175c24a60a3a0,15895258337,115.125576,24.510187,广东省,河源市,79.9,女,新能源,80后,7,0,,1,15152046096,2020-4-12 0:54
d625853dc3f744c283a87c75e923ffe4,13905223803,115.272755,24.913541,江西省,赣州市,85.3,女,教育和培训,90后,8,0,,0,,2020-4-12 3:45
2450db28923b4da78230a41c0acfa148,15895250826,115.935057,25.516076,江西省,赣州市,39.8,男,O36O,00后,10,1,2020-4-12 8:53,0,,2020-4-12 14:58
5a3a0bc121fa4261820758d7abd04108,13905226580,116.891717,25.916079,福建省,三明市,72.1,女,制造业,80后,6,0,,1,13905226247,2020-4-12 20:38
22e68ebfd0834c37a1206750efff6105,15152045641,118.3635,26.04911,福建省,三明市,81.1,男,软件工程,90后,9,0,,1,15895254754,2020-4-12 0:04
da75ceb196924463bdc4582d8a41fb8d,13905226962,119.467338,26.976029,福建省,宁德市,24.9,女,金融,80后,6,1,2020-4-12 0:41,0,,2020-4-12 11:12
d4063e84dd4e4c879ede924822b5c5a5,15895256760,119.467338,27.107826,福建省,宁德市,2,男,金融,90后,6,0,,1,15152047955,2020-4-12 23:08
a76bb53262a14a7a8ace3093b55fc0ee,15152043614,119.246571,28.286885,浙江省,丽水市,30.7,女,新能源,80后,8,0,,1,13905220622,2020-4-12 2:12
36a815138dde4fcdaa568a281667b0ac,15152044427,119.099392,28.871543,浙江省,衢州市,44.7,女,教育和培训,90后,8,1,2020-4-12 19:56,1,15895256535,2020-4-12 22:06
741ad6d91d16407d80e1f182fc593c0e,13905229474,119.246571,29.130332,浙江省,衢州市,42.5,男,O37O,00后,4,1,2020-4-12 19:36,0,,2020-4-12 11:01
6a1c722673fd4217839e18aed0d37ba7,13905223466,120.497587,29.774426,浙江省,绍兴市,22.5,女,制造业,00后,7,0,,0,,2020-4-12 20:30
58c3ad59b22b4981b71bef07681a21a8,15895250493,120.791944,30.414363,浙江省,嘉兴市,84.8,男,软件工程,00后,8,0,,1,15895256327,2020-4-12 7:37
40247bb2259044afa34e3339e3a325bc,15152048797,120.939122,30.605525,浙江省,嘉兴市,30.8,男,金融,70后,8,1,2020-4-12 2:04,0,,2020-4-12 0:42
9b7c1c9cba554021a6e6cdd1169fbea7,13905220726,121.15989,30.859816,上海市,上海市,99.6,男,金融,70后,8,1,2020-4-12 10:10,1,13905222308,2020-4-12 0:49
ce58cd82d8e44a2c90e5e9748ba98d55,15895257874,119.982463,31.870157,江苏省,常州市,2.6,男,新能源,70后,7,1,2020-4-12 9:50,0,,2020-4-12 12:49
307f1959add845bfb303e61d53ed5398,15895255424,120.644765,30.541846,浙江省,嘉兴市,36.4,女,教育和培训,80后,3,0,,1,13905222703,2020-4-12 20:30
3ee0eec828a84b309942bb2cfad3356d,15152047113,121.748603,31.050089,上海市,上海市,7.4,男,O38O,90后,4,0,,1,15152049946,2020-4-12 17:39
d9cb9c9145dc4c1583db9a7cc0ca3a18,15895255716,121.601425,31.618601,上海市,上海市,81.7,女,制造业,00后,10,0,,1,13905222743,2020-4-12 19:50
cbd48099fd4b467d8149f034eedd684c,15152043621,121.601425,31.618601,上海市,上海市,85.2,女,软件工程,80后,4,1,2020-4-12 6:44,0,,2020-4-12 22:08
f097a377d325404396f59ef307f3b008,13905222756,121.0863,31.303189,江苏省,苏州市,21,女,金融,90后,7,0,,1,13905229518,2020-4-12 0:31
383b3ec4c91341c0bea2bd5662e212d8,15152046313,120.865533,30.541846,浙江省,嘉兴市,80.8,女,金融,80后,10,1,2020-4-12 11:36,0,,2020-4-12 10:22
231d763b42574489a315f0570880d4e8,15895255386,121.380657,31.176724,上海市,上海市,95.3,男,新能源,90后,7,1,2020-4-12 8:15,0,,2020-4-12 20:57
5211c2a64295442a9c03f9e27258235f,15152048772,121.596825,31.232074,上海市,上海市,38.4,女,教育和培训,80后,8,0,,0,,2020-4-12 9:15
e095f639da3047bebf950dbf8e0b7910,15152041395,121.596825,31.232074,上海市,上海市,63,男,O39O,90后,6,1,2020-4-12 6:59,0,,2020-4-12 9:14
ef6f03c18b884e64ad1353cdf748ed7a,15895252221,121.394455,31.334779,上海市,上海市,63.2,女,制造业,00后,8,0,,1,15895250432,2020-4-12 18:48
9ce821c59b1b4d49b66155b187c7f7dd,13905220171,121.514038,31.109471,上海市,上海市,82.3,男,软件工程,00后,1,0,,1,15152044954,2020-4-12 16:40
5a5793e5cda04a58b9ee1ac9099cf2f0,15152045957,121.619822,31.097597,上海市,上海市,72,女,金融,00后,3,0,,1,13905220425,2020-4-12 6:27
14e42b311e344a5d9f17082ecb3087ba,13905221787,121.380657,31.21231,上海市,上海市,61.8,男,金融,70后,8,1,2020-4-12 7:19,1,15152043193,2020-4-12 10:37
1a960c4334074df7abca1fb62a18b5b4,15895259919,121.445048,31.073846,上海市,上海市,6.4,男,新能源,70后,10,0,,1,13905229978,2020-4-12 5:54
3be37b4c1366451183bbdfaa27fd01d9,15895258832,121.619822,31.141125,上海市,上海市,71.5,男,教育和培训,70后,5,0,,0,,2020-4-12 23:46
f17b83a2bea64ab6806857ab8a0f92e4,15895257210,121.619822,31.208357,上海市,上海市,45.6,女,O40O,80后,9,1,2020-4-12 2:14,0,,2020-4-12 11:40
d46703fd11e049f8af8433be8fc76dbb,15152044449,121.560031,31.338727,上海市,上海市,50.5,女,制造业,90后,0,1,2020-4-12 20:11,1,15895251304,2020-4-12 17:53
285cc7ac5e454a7e84e4668c59d275b4,15895257181,121.546233,31.073846,上海市,上海市,55.7,女,软件工程,00后,1,0,,0,,2020-4-12 15:14
295275de33564b48ba440950545f12e9,15895256396,121.647418,31.117385,上海市,上海市,53.9,女,金融,80后,4,1,2020-4-12 12:11,0,,2020-4-12 4:22
337654b42e324f8ea1e069a9a8fc2f1c,15895257583,121.546233,31.085722,上海市,上海市,86.1,男,金融,90后,2,0,,0,,2020-4-12 23:25
7605dc781a9b4e859b586996c3bcbfd2,15152045173,121.546233,31.093639,上海市,上海市,54.1,男,新能源,80后,4,0,,1,13905225611,2020-4-12 20:06
c7a62ccc353e4f8f91b05d37adcd5694,13905226634,121.454246,31.196496,上海市,上海市,42.6,女,教育和培训,90后,4,0,,0,,2020-4-12 3:13
a76ed30187db4de18b6bc9e37f923758,15152047903,121.339263,31.204403,上海市,上海市,2.4,女,O41O,80后,3,0,,1,15895252631,2020-4-12 1:29
8c8fe39d98ed49ea88b1942afb13ae9c,15152045155,121.279472,31.093639,上海市,上海市,99.9,男,制造业,90后,6,0,,0,,2020-4-12 12:22
cbe52dde72b24ad7920332dd6a6e331d,13905227111,121.449647,31.405816,上海市,上海市,10.5,男,软件工程,00后,3,0,,1,13905223608,2020-4-12 10:40
a4d2973784114c6bb2601b89aff7b6df,15895252413,108.576139,22.679072,广西壮族自治区,南宁市,47.9,男,金融,00后,7,0,,1,13905223491,2020-4-12 19:47
92459ac00df145bcb0d0df09249331ea,13905221840,121.785398,31.038208,上海市,上海市,51.9,男,金融,00后,1,0,,1,15152045911,2020-4-12 11:27
d333094d08cb4aa5bb3a6f8899eff330,15895257252,108.502549,22.131633,广西壮族自治区,钦州市,15.2,女,新能源,70后,7,1,2020-4-12 13:08,0,,2020-4-12 16:36
76c6d3de56464289a3d1fdce1fcc3934,15152042693,121.550832,31.042169,上海市,上海市,73.6,男,教育和培训,70后,4,0,,1,15152040596,2020-4-12 19:31
01c049df46274beaa4688240ea6b2c59,15152045426,112.255598,21.925784,广东省,阳江市,38.2,女,O42O,70后,9,1,2020-4-12 13:17,0,,2020-4-12 18:55
1a87b8a6a7cd4e5395c1f786ea8092b4,15895255765,121.380657,31.073846,上海市,上海市,16.4,男,制造业,80后,9,0,,0,,2020-4-12 12:11
668f4cfb16f3449a928ecae9334b8000,15152042587,121.072502,31.29134,江苏省,苏州市,11.7,男,软件工程,90后,9,0,,1,15895255285,2020-4-12 1:43
36ff8c8790b84c6bbe6adf73087e46f3,13905225795,120.985115,31.433427,江苏省,苏州市,68,男,金融,00后,6,1,2020-4-12 19:13,1,15895255624,2020-4-12 19:13
a6138955d9454cda963e171dc65524ed,15152042947,120.95292,31.488624,江苏省,苏州市,88.4,男,金融,80后,0,1,2020-4-12 18:12,0,,2020-4-12 10:08
3e223763222d4853b33234d5190760cf,15152040268,120.198631,31.184634,江苏省,苏州市,56.7,男,新能源,90后,7,0,,0,,2020-4-12 23:06
cadd2e2d341e4a89a4d52a5ef20153fd,15895258358,120.051452,31.208357,江苏省,苏州市,72.6,男,教育和培训,80后,1,0,,1,13905223140,2020-4-12 13:43
fb8e52e7997e4b6d914662c97886a4de,13905225069,119.991661,31.224169,江苏省,苏州市,31.9,女,O43O,90后,4,0,,1,13905221690,2020-4-12 7:59
b49353d8250c443190c4993bc9ccb547,15895250018,120.690759,31.51227,江苏省,苏州市,45.3,男,制造业,80后,6,0,,1,13905228180,2020-4-12 17:38
535aa8d011a44772863d613824352d26,15895258937,120.704557,31.53197,江苏省,苏州市,62.4,女,软件工程,90后,6,1,2020-4-12 4:01,1,15895256472,2020-4-12 6:39
b3e6e4de9d4e4e0a9e2dbc46fbf6ed16,15152042894,120.778146,31.630409,江苏省,苏州市,68.9,男,金融,00后,1,0,,0,,2020-4-12 2:20
4c89f232449343de8526389cda7c185f,15895250234,120.801142,31.654018,江苏省,苏州市,24.8,男,金融,00后,3,0,,1,13905222804,2020-4-12 20:52
a522b25591a04457940d053ac7e81d7e,15895257767,120.851735,31.713016,江苏省,苏州市,96.3,男,新能源,00后,7,0,,0,,2020-4-12 3:48
48ef1906b8c745afa6451b39d3779dbb,15895252912,120.865533,31.736604,江苏省,苏州市,25.9,女,教育和培训,70后,1,1,2020-4-12 4:21,1,13905224494,2020-4-12 14:31
85dc78a4414147648046d860d8753f25,13905227463,120.488388,31.799477,江苏省,无锡市,0.6,女,O44O,70后,6,1,2020-4-12 18:09,1,15895253213,2020-4-12 15:46
73857cacdaaa4e25a4c2acaa0dfc41e4,15152042276,120.902327,31.52803,江苏省,苏州市,69.9,女,制造业,70后,1,0,,1,13905223832,2020-4-12 8:08
3ad564761bf54953b7162251ee7d60a9,15152043268,120.985115,31.53197,江苏省,苏州市,79.6,女,软件工程,80后,2,0,,1,15152040011,2020-4-12 1:17
9eb4c5e6a2b54d7e946f2c00a6a4fa36,15895257208,120.736752,31.342674,江苏省,苏州市,93.5,男,金融,90后,7,0,,1,13905228444,2020-4-12 19:44
0e168e97dafa48b3859a29f47b74f66e,15895252392,120.589573,31.429483,江苏省,苏州市,78.6,男,金融,00后,4,1,2020-4-12 7:16,1,15895251190,2020-4-12 9:11
f7b86f8e71784c2f9582220e3ae78d7b,15152049886,120.801142,31.539849,江苏省,苏州市,70.6,女,新能源,80后,9,0,,1,15152040029,2020-4-12 11:38
0bd52f325b38455a99324d87e5baa2d6,15152046893,120.870132,31.551666,江苏省,苏州市,73.3,男,教育和培训,90后,8,0,,1,15895255941,2020-4-12 14:03
9570133bfb19491ca92c2945acecaf6f,15895256317,120.502186,31.484682,江苏省,无锡市,77.1,男,O45O,80后,5,0,,0,,2020-4-12 21:39
2ce41a1f0ac948f3aee3075e66b3f624,15152040754,120.515984,31.496507,江苏省,无锡市,28.7,男,制造业,90后,9,0,,1,15895258121,2020-4-12 16:17
9e90cc2642714bb1ac0d2ac22575bb0d,13905223797,120.966718,31.53197,江苏省,苏州市,44.1,男,软件工程,80后,3,0,,0,,2020-4-12 15:46
a06e93c5459640d89db6aa88cd2352ea,15152044675,120.975917,31.441314,江苏省,苏州市,23.4,男,金融,90后,9,1,2020-4-12 7:10,0,,2020-4-12 23:38
f2b75621ac77415aa12bfaf8fcb5c4ee,13905226551,120.842536,31.247882,江苏省,苏州市,50.9,男,金融,00后,4,1,2020-4-12 1:30,0,,2020-4-12 23:55
c716027066304d098d071bcc2aa50143,15152049895,120.911526,31.350569,江苏省,苏州市,89,男,新能源,00后,9,0,,1,13905223962,2020-4-12 18:35
449be421580b49fb9d51e8e1636bb67a,15895255364,120.27222,28.895832,浙江省,丽水市,52.2,女,教育和培训,00后,6,1,2020-4-12 13:22,1,15152048602,2020-4-12 17:48
2f21cf4ebf0240e3a05b6f05ebb3f483,15895257247,120.27222,28.895832,浙江省,丽水市,33.3,男,O46O,70后,9,1,2020-4-12 23:09,0,,2020-4-12 6:28
fbd5d9c16df4430facaca63f16add635,15895253379,119.536328,29.106099,浙江省,金华市,20.3,女,制造业,70后,6,0,,1,13905221411,2020-4-12 22:55
20e7dcf9c8cf410084ce41d558ba8398,13905229015,119.858281,28.652681,浙江省,丽水市,14.2,女,软件工程,70后,0,0,,0,,2020-4-12 6:22
ff7a72eaf40e4c5e993e6171becfc453,15152048100,119.471938,26.629322,福建省,福州市,79.4,女,金融,80后,5,1,2020-4-12 17:43,1,13905220899,2020-4-12 17:56
9f8d5d0349ea4feb95d90e16d069d617,13905228070,118.901621,26.206886,福建省,福州市,20.7,男,金融,90后,1,0,,1,13905228251,2020-4-12 3:12
0484a0d4629a447daa72b995b27f9776,13905227654,118.699251,26.123873,福建省,福州市,72.9,男,新能源,00后,8,1,2020-4-12 8:12,1,15152045963,2020-4-12 12:12
282178072ba64f12bac1592f2331c51f,15152041093,116.693946,25.474331,福建省,龙岩市,33.8,女,教育和培训,80后,10,0,,1,15895252449,2020-4-12 14:34
131dd9c4569e467c9c600ebc67c6285b,15152048318,118.046147,25.866153,福建省,三明市,37.7,男,O47O,90后,4,0,,1,13905225956,2020-4-12 22:57
39410b44cd874a9b9ec8558efed11f09,13905222235,118.561271,26.68718,福建省,南平市,39,女,制造业,80后,5,1,2020-4-12 4:03,0,,2020-4-12 5:40
9be10d809ad94a188e3926da3803a4e9,15895259384,118.377298,27.223019,福建省,南平市,75.5,女,软件工程,90后,5,0,,1,15152040845,2020-4-12 20:24
eaadd64ec35f4f6fb8b3ebc0cebe1911,15152043183,119.177581,27.772631,浙江省,丽水市,80.6,女,金融,80后,10,0,,1,13905224024,2020-4-12 21:29
d632c5c1435c4a4294ab704c5e636431,15152044980,119.637513,27.887124,浙江省,丽水市,52.3,女,金融,90后,8,0,,1,15895252050,2020-4-12 10:29
acdf7c79271c471382854cb13326dbe7,15895255043,118.598066,27.715339,福建省,南平市,23.8,女,新能源,00后,10,0,,0,,2020-4-12 13:34
61746dcad25a4c7391e08f3a9916454e,13905225014,118.450888,27.674398,福建省,南平市,18.7,男,教育和培训,00后,3,0,,0,,2020-4-12 0:10
87a4507096cc450690221f722bc9d72d,13905221089,114.909408,26.934811,江西省,吉安市,58,男,O48O,00后,0,0,,1,15152049370,2020-4-12 16:20
127187d18be34d4b91d1216fb6594733,13905223327,114.955401,26.024178,江西省,赣州市,73.5,女,制造业,70后,6,1,2020-4-12 7:28,0,,2020-4-12 3:18
d70b78447afd4bbb9a0b2be125453821,15152040518,112.747726,27.90347,湖南省,湘潭市,1.9,男,软件工程,70后,1,0,,0,,2020-4-12 11:09
3c6e340c9cba4bdd8338bfcaa6574452,15895254808,112.747726,27.90347,湖南省,湘潭市,78,女,金融,70后,2,1,2020-4-12 10:21,0,,2020-4-12 11:32
f4a4256aa7524563a8e24a64e0d45d0f,15895257088,109.436212,26.256666,贵州省,黔东南苗族侗族自治州,51.7,女,金融,80后,3,0,,0,,2020-4-12 17:07
0f235ccc41144c8caae739c6f823da1c,15152043865,104.726504,23.028621,云南省,文山壮族苗族自治州,22.8,女,新能源,90后,6,0,,0,,2020-4-12 17:48
4461e2947fdb48b1b0d7ba8b792cb07b,15152041428,103.990612,24.316446,云南省,文山壮族苗族自治州,90,女,教育和培训,00后,8,1,2020-4-12 15:58,1,13905223189,2020-4-12 6:00
9c46f37004be4f5f98e2f9bcff15183e,15895251123,101.562169,24.854801,云南省,楚雄彝族自治州,61.8,女,O49O,80后,4,0,,1,13905229577,2020-4-12 10:32
b5fd48c61a8840589db950cdaabd878b,15895250444,101.047045,26.190288,云南省,楚雄彝族自治州,76.4,男,制造业,90后,5,1,2020-4-12 23:42,1,15895252529,2020-4-12 12:54
554e100310eb40ef89fcaf2932aa6357,13905228035,101.047045,26.256666,云南省,楚雄彝族自治州,94.4,男,软件工程,80后,3,0,,1,13905229640,2020-4-12 19:56
65e4f6bf922c443ab249a87ef59bbd97,15895251169,101.120634,29.332055,四川省,甘孜藏族自治州,47.2,男,金融,90后,8,0,,0,,2020-4-12 3:15
eacdbb132a554df39eb8ca970a4af490,13905227545,101.120634,29.718233,四川省,甘孜藏族自治州,91.2,男,金融,80后,7,1,2020-4-12 4:34,1,15895257198,2020-4-12 11:23
93d89cfc77424a999aded08fa94c1c3d,15895255232,98.324245,31.752326,西藏自治区,昌都地区,6.9,女,新能源,90后,0,0,,0,,2020-4-12 16:56
ec0652ca4a9942f38b895dea82b3190f,13905228057,98.986548,32.690701,四川省,甘孜藏族自治州,53.6,男,教育和培训,00后,6,0,,1,15895257045,2020-4-12 7:17
42fdd3dbe4a84ea0b46b14125d0de9a5,15895255455,102.003704,32.690701,四川省,阿坝藏族羌族自治州,42.3,男,O50O,00后,3,0,,0,,2020-4-12 12:59
49b1ad05d326482db64924a38f1b7170,15152044089,111.349531,33.619223,河南省,南阳市,66.5,女,制造业,00后,2,1,2020-4-12 18:54,0,,2020-4-12 17:07
5ff161ab711641829fe25dee2d3df7c8,15152042826,111.496709,33.557631,河南省,南阳市,26.4,女,软件工程,70后,8,1,2020-4-12 15:38,1,13905224387,2020-4-12 2:20
e6f719dce371486c82b4cbfab5e8ec31,15152042581,100.384742,34.962949,青海省,海南藏族自治州,78.9,男,金融,70后,8,1,2020-4-12 0:47,1,15152042863,2020-4-12 3:41
84f42ce3ce0140698848f2da1d052bad,15895252722,98.986548,35.50637,青海省,果洛藏族自治州,67.8,女,金融,70后,5,1,2020-4-12 15:04,0,,2020-4-12 15:58
7fe99c328ccc4188bea3fe4b6f9f71de,15152043308,102.003704,35.80668,青海省,黄南藏族自治州,68,男,新能源,80后,2,1,2020-4-12 12:00,1,15895257254,2020-4-12 13:43
9cae1da87d274fdc96e0f2022907d7d2,13905228059,106.345466,35.80668,宁夏回族自治区,固原市,68.8,男,教育和培训,90后,1,1,2020-4-12 9:09,0,,2020-4-12 15:27
a2c9ff2ee3944aecb0ad321b7453d175,15895256845,110.760818,36.700748,山西省,临汾市,48.6,男,O51O,00后,9,0,,1,15152045482,2020-4-12 15:01
a3a475363d4040c2ab1dbbaada3232a6,15895259001,110.760818,36.700748,山西省,临汾市,76.9,女,制造业,80后,6,0,,0,,2020-4-12 6:59
dfbe12a0606740138f360822d01370b6,15152044557,106.271877,37.232218,宁夏回族自治区,吴忠市,85.8,男,软件工程,90后,5,0,,0,,2020-4-12 8:46
c5e5bd4c5ea648149dc5104634b8c178,13905225991,116.647953,39.320407,河北省,廊坊市,74.3,男,金融,80后,1,1,2020-4-12 1:59,1,15895251972,2020-4-12 7:49
f764826fb64940199d939a4f2ca5a1fb,15895254315,106.271877,37.232218,宁夏回族自治区,吴忠市,30.4,女,金融,90后,8,0,,1,15895256502,2020-4-12 18:00
9afbe20f771e4360b794ca3aacbce5b6,15895253351,108.332374,35.80668,甘肃省,庆阳市,50.9,女,新能源,80后,6,1,2020-4-12 11:01,0,,2020-4-12 20:50
b0b68f955dbd4ba09a6c7bff8e644a5d,15895250034,105.462396,36.046107,宁夏回族自治区,固原市,66,男,教育和培训,90后,2,1,2020-4-12 10:56,0,,2020-4-12 10:35
ec71987022b24e9c9f0339cdafc295a5,15895256810,100.531921,36.46334,青海省,海南藏族自治州,65.2,女,O52O,00后,0,1,2020-4-12 0:31,0,,2020-4-12 4:24
484f50f0e7c74bd2903d4061564c41f0,15895251962,98.177067,33.865147,四川省,甘孜藏族自治州,46.9,男,制造业,00后,9,1,2020-4-12 7:53,1,15895251516,2020-4-12 6:53
f4e11799b5804f67a98cef766fd3ccb4,13905225816,110.319282,37.232218,陕西省,榆林市,55.3,男,软件工程,00后,7,1,2020-4-12 8:06,1,13905227787,2020-4-12 0:43
412e7c97a8a742d98752d6a0af5f5d8f,13905223016,97.588353,34.720251,青海省,果洛藏族自治州,42.8,男,金融,70后,8,0,,0,,2020-4-12 8:44
fd0c586475da4a64bf300fe411b5ed33,15152048793,108.479553,39.263222,内蒙古自治区,鄂尔多斯市,39.3,女,金融,70后,4,0,,1,13905225007,2020-4-12 19:55
ee5299fee4ca41f3a686a309130644d2,13905225876,112.085423,40.228958,内蒙古自治区,呼和浩特市,89.1,男,新能源,70后,2,1,2020-4-12 23:18,0,,2020-4-12 23:40
a7bdd3bf86d644c68c6922fb2717e67b,13905220874,111.938245,38.109654,山西省,太原市,29.1,女,教育和培训,80后,1,1,2020-4-12 9:36,0,,2020-4-12 13:13
691c418627094f81ae7e10c655dd7760,15152040152,112.674136,40.958234,内蒙古自治区,乌兰察布市,4.4,女,O53O,90后,6,1,2020-4-12 0:19,1,15895255286,2020-4-12 19:17
f425b7f62d764f0aa10f3f771df5c93e,15152044615,115.617704,29.718233,江西省,九江市,15.4,男,制造业,00后,1,1,2020-4-12 11:26,0,,2020-4-12 3:02
7bb26bfeb5304d34b4269732e9eafcdf,13905221190,117.457434,30.23081,安徽省,池州市,83,女,软件工程,80后,5,1,2020-4-12 13:36,1,15152047169,2020-4-12 14:32
b07aabffe56d42809b054fbaeb61cab2,15152048268,117.75179,30.102916,安徽省,黄山市,39.3,男,金融,90后,8,1,2020-4-12 4:36,1,13905223809,2020-4-12 12:30
2299851fde1740d7bcc12ec13e9c626b,13905222172,119.297163,30.486093,安徽省,宣城市,17.8,男,金融,80后,0,0,,0,,2020-4-12 16:47
60da629996ba47ad8f18a0f5c540929b,13905222704,121.725606,30.358536,浙江省,舟山市,10.5,女,新能源,90后,2,0,,1,13905229219,2020-4-12 11:12
dad9b7805a5545feab57524cfe1d8b82,15152041782,121.578428,29.846628,浙江省,宁波市,81.3,女,教育和培训,80后,2,0,,1,15152046971,2020-4-12 4:32
f25f025276d042b280c26fa5144d6a4c,13905223401,119.812288,29.910763,浙江省,杭州市,59,女,O54O,90后,3,0,,1,15152044310,2020-4-12 11:22
8bc41a4440bb4085883a0e7d6a4d4a94,15895252449,121.357661,29.202999,浙江省,宁波市,29.2,男,制造业,00后,10,0,,1,15152043681,2020-4-12 16:10
6556467f6db3423093280aba8971f16e,15152046146,119.812288,29.910763,浙江省,杭州市,8.5,女,软件工程,00后,6,0,,0,,2020-4-12 0:20
81e37f467b8148f2a492d1f56f469e8f,15895253935,120.842536,30.038907,浙江省,绍兴市,60.9,女,金融,00后,4,0,,0,,2020-4-12 6:17
3b9762ead5644cb19a9aa58455465168,15152049500,120.548179,29.653974,浙江省,绍兴市,5.5,女,金融,70后,8,1,2020-4-12 1:05,1,13905229046,2020-4-12 7:55
53014f5ccc9e468bbf3cc1a1cf0b220a,15152049675,120.47459,29.073778,浙江省,金华市,59.2,女,新能源,70后,3,1,2020-4-12 11:10,1,15152047524,2020-4-12 14:58
96cae4ca837e4c7f88556119b6c78212,15152049900,120.253823,30.358536,浙江省,杭州市,56.8,女,教育和培训,70后,5,1,2020-4-12 10:35,0,,2020-4-12 4:12
a2f57e5e936b45e597850fb81a4b446f,13905227287,121.799196,30.358536,浙江省,舟山市,12.2,女,O55O,80后,9,0,,0,,2020-4-12 11:22
01797e9e8da344f09f28bb2e6dcc8e54,13905229290,120.47459,29.138409,浙江省,金华市,56.1,男,制造业,90后,1,0,,1,13905225158,2020-4-12 2:49
51c66190e54843f9be59bab61af35bfa,13905227236,120.327412,30.294694,浙江省,杭州市,14.2,女,软件工程,00后,3,1,2020-4-12 3:02,1,13905223043,2020-4-12 2:27
5abe21e137034fddb68b4d4f9ae9d409,15152049233,118.340504,31.184634,安徽省,芜湖市,5,女,金融,80后,4,0,,0,,2020-4-12 16:05
ff3af858026f436ca084f4f97460cd0c,15895255264,111.496709,31.878007,湖北省,襄阳市,90.8,女,金融,90后,8,0,,1,15895252345,2020-4-12 2:27
161fd336330442cabb80a3a51d9c6f20,15152047666,109.951337,31.815188,湖北省,十堰市,76.4,男,新能源,80后,5,1,2020-4-12 18:51,0,,2020-4-12 22:46
7277bdf997cf43e090e14a714df18da2,13905226052,107.081358,32.191451,四川省,巴中市,50.2,男,教育和培训,90后,5,0,,1,15895259166,2020-4-12 2:32
95b7c6ce3b0a415893f5ae7773c86605,15895257994,103.769845,30.613482,四川省,成都市,22.6,女,O56O,80后,5,0,,0,,2020-4-12 13:37
c9fad7b0e17f410693b3787342a0e56b,15895257085,102.37165,34.110358,甘肃省,甘南藏族自治州,37.1,女,制造业,90后,8,0,,0,,2020-4-12 6:25
90a66b2259ff47b99564e661f22d6521,13905220832,110.981585,37.467223,山西省,吕梁市,77.9,男,软件工程,00后,3,1,2020-4-12 8:38,0,,2020-4-12 17:06
c0c6976f86cf411fa36dee3bf5f92786,15895250201,113.704385,38.225854,河北省,石家庄市,44.1,男,金融,00后,5,0,,0,,2020-4-12 15:18
1c7052c6836448019f1996ebeab81eb8,15895259782,115.176169,36.46334,河北省,邯郸市,41.8,女,金融,00后,10,1,2020-4-12 1:11,0,,2020-4-12 16:21
d2577af5a3784b81aabb783edb0d758e,13905229373,113.336439,34.476833,河南省,郑州市,16.1,男,新能源,70后,9,0,,0,,2020-4-12 7:13
c66b58db9de94b0bbd187e991e3d7aab,15895259227,117.531023,38.341866,河北省,沧州市,27.2,女,教育和培训,70后,6,0,,1,13905223343,2020-4-12 21:00
b80dcc276d8b4451b01acd3cb4780cfa,15152042354,118.266915,38.573331,",,",秦皇岛市,28.9,女,O57O,70后,5,1,2020-4-12 7:44,1,15895250936,2020-4-12 8:36
dcd53781fe074c4599e983a19e4c2fdd,15895252410,119.444342,40.116051,河北省,葫芦岛市,50.3,男,制造业,80后,7,0,,0,,2020-4-12 9:39
e81a6880b5e14633a42f83601c458f9d,15895259847,119.812288,40.510397,辽宁省,朝阳市,9,女,软件工程,90后,4,1,2020-4-12 18:12,1,15152047349,2020-4-12 12:30
2e8374bebeee4619b7027fff2c128c65,13905227770,120.180234,41.67948,辽宁省,朝阳市,38.2,男,金融,00后,7,0,,1,15152041418,2020-4-12 13:23
57269d86f8994430b761a48cf1854dca,13905223739,120.401001,41.899782,辽宁省,通辽市,90.3,男,金融,80后,2,0,,1,13905223371,2020-4-12 20:17
00edf17e46674df6b578880ff547d182,15152045641,120.842536,42.719116,内蒙古自治区,汉中市,10.7,女,新能源,90后,5,0,,0,,2020-4-12 21:57
932a9b0f55584b26923496b1e6d77fa5,13905223784,108.038018,32.566151,陕西省,西安市,21.9,男,教育和培训,80后,4,0,,0,,2020-4-12 3:03
80a37f2c3a15496db5e9524798f3808c,15152045237,109.068266,34.232696,陕西省,西安市,8.7,男,O58O,90后,4,0,,1,15895252575,2020-4-12 16:16
a95315a8ddc5460ebd9a246333cec507,15152040379,109.068266,34.232696,陕西省,咸阳市,11.4,女,制造业,80后,5,1,2020-4-12 22:16,1,15895259286,2020-4-12 9:11
af1da3b2e0764bdfb1ced439061e7b5f,15152048494,108.921088,34.537755,陕西省,西安市,37.9,男,软件工程,90后,5,1,2020-4-12 20:34,1,15152040863,2020-4-12 15:32
8dd14d0546524fd8b9b5c5e7747f7253,15152042069,109.068266,34.232696,陕西省,咸阳市,92.1,男,金融,00后,10,1,2020-4-12 6:07,0,,2020-4-12 0:22
4032479a59bd49859ab81569f636a89f,13905226466,108.921088,34.537755,陕西省,咸阳市,93.5,男,金融,00后,1,1,2020-4-12 14:19,1,15895258847,2020-4-12 6:07
2e103de656f94b94bbacd9425a9a07cd,15152046344,108.185196,34.354854,陕西省,商洛市,38.9,男,新能源,00后,7,1,2020-4-12 20:30,0,,2020-4-12 9:26
7b5781b916b64cf6971708c42ff2aec1,15895252987,110.319282,33.434314,陕西省,安康市,41.3,女,教育和培训,70后,1,1,2020-4-12 4:06,1,15895258889,2020-4-12 1:05
9c098c423edf47cca26497fcb1de65b0,15152047706,109.509801,32.566151,陕西省,南阳市,67,女,O59O,70后,6,0,,0,,2020-4-12 14:57
997056f8912e46098100df548913b512,15895250233,111.864655,32.566151,河南省,开封市,51.5,女,制造业,70后,2,1,2020-4-12 9:26,0,,2020-4-12 16:07
4cbc68d841c04eb0a7c37233abfe64dc,13905221189,114.14592,34.537755,河南省,新乡市,75.6,女,软件工程,80后,6,1,2020-4-12 15:42,0,,2020-4-12 18:18
5dc0a141dee24bdf990c209fba9574aa,15895251210,113.704385,35.02351,河南省,安阳市,51,女,金融,90后,5,1,2020-4-12 7:01,0,,2020-4-12 6:00
ca694d24a40d4800b10ea732c9304984,15895253875,114.808223,35.626631,河南省,安阳市,32.4,男,金融,00后,10,0,,1,15152044099,2020-4-12 7:51
f16a0b1d629b4de7aa5231178be7a5eb,13905223038,114.808223,35.626631,河南省,赣州市,96.7,男,新能源,80后,2,1,2020-4-12 8:45,1,15152048181,2020-4-12 20:46
01f7d6966988400fa633e7c42707a826,13905221573,114.955401,25.123096,江西省,抚州市,76.1,男,教育和培训,90后,5,1,2020-4-12 13:35,1,15152043979,2020-4-12 13:40
4d067aaf4250454d8cec4ad807d6a7df,15895252061,116.795131,28.03415,江西省,三明市,96.1,男,O60O,80后,4,1,2020-4-12 14:01,0,,2020-4-12 14:30
c4d388ba67a749ca849017f433c7ae8c,13905223748,118.414093,26.256666,福建省,广州市,65.1,女,制造业,90后,4,0,,1,15895253672,2020-4-12 5:58
6d7bc7dfe05e4ae9aa362bf7218a2a71,15895254285,113.557207,22.89232,广东省,云浮市,14.4,男,软件工程,80后,7,1,2020-4-12 22:39,0,,2020-4-12 5:39
fc100d87fadd445c9a3df36c27a17d08,15152041723,112.232601,23.028621,广东省,柳州市,7.5,男,金融,90后,8,0,,1,15895250358,2020-4-12 19:22
6ef11a42b1844d579532c9de2c4fffa0,15895251159,109.583391,24.585916,广西壮族自治区,桂林市,58,男,金融,00后,1,0,,1,13905221915,2020-4-12 21:07
8b84a80ef9814d7b9cb3f9970e60251c,15895253134,109.877747,25.59118,广西壮族自治区,怀化市,99.6,女,新能源,00后,6,1,2020-4-12 6:02,0,,2020-4-12 18:13
6c50316cb9cd4c1e8c16071f579cf1eb,15152042983,109.951336,26.786298,湖南省,遵义市,53.1,女,教育和培训,00后,3,1,2020-4-12 17:57,0,,2020-4-12 10:43
a53e97ab674b4bff9c4336f45bfea83d,13905227508,107.007769,27.772631,贵州省,重庆市,81.6,男,O61O,70后,8,0,,1,15895257839,2020-4-12 21:16
96a213e19188430aa6ef67cd60637d98,15152040714,106.713412,29.460946,重庆市,重庆市,20.8,女,制造业,70后,10,1,2020-4-12 21:33,0,,2020-4-12 21:44
e3706da79bfa42e186fadccd572af9d4,13905228598,107.964428,29.910763,重庆市,甘孜藏族自治州,55,女,软件工程,70后,4,0,,1,13905223313,2020-4-12 3:20
e35d3b82bf8a4fa495cb641759cd4beb,15152043192,102.224472,29.653974,四川省,重庆市,74.8,男,金融,80后,7,1,2020-4-12 4:39,0,,2020-4-12 11:37
57c90eafff4b46c0822b2665581aeea4,15152043457,107.890839,29.52533,重庆市,绵阳市,70.5,男,金融,90后,6,0,,0,,2020-4-12 19:09
ceff36437b8d422089685c5a7140a6c2,15152047429,105.09445,30.804248,四川省,,79,女,新能源,00后,9,0,,0,,2020-4-12 6:09
aa8b2c302e414d72a499a7de5a3aaa68,15895256605,98.986548,32.690701,四川省,甘孜藏族自治州,2.8,男,教育和培训,80后,1,1,2020-4-12 20:21,1,15152040388,2020-4-12 10:28
004283bd3c6d4baca8b66d104cdc89f7,15152045427,102.003704,32.690701,四川省,阿坝藏族羌族自治州,7.9,男,O62O,90后,3,1,2020-4-12 5:04,0,,2020-4-12 1:24
3a595972ba4d4587b2a2309a82b8f8cd,15152048203,111.349531,33.619223,河南省,南阳市,65.4,男,制造业,80后,1,0,,1,15152042476,2020-4-12 2:35
5b1b4c9c005449d79f305f2d6dac1796,13905229428,111.496709,33.557631,河南省,南阳市,69.3,男,软件工程,90后,1,0,,1,15895258945,2020-4-12 22:10
d6537bdd1c954440b5ff5bb60452f94f,13905226070,100.384742,34.962949,青海省,海南藏族自治州,44.8,男,金融,80后,4,1,2020-4-12 4:10,1,15152046231,2020-4-12 22:51
7843345688ae408c97587ad71c88930c,13905229156,98.986548,35.50637,青海省,果洛藏族自治州,32.2,男,金融,90后,6,0,,1,13905228940,2020-4-12 22:26
0c83da5f9bde47608d242928ecebd213,13905223786,102.003704,35.80668,青海省,黄南藏族自治州,43.5,女,新能源,00后,7,0,,1,13905228951,2020-4-12 5:26
99d545fdd3db406b97b494e077fc3919,15152043504,106.345466,35.80668,宁夏回族自治区,固原市,65.8,女,教育和培训,00后,9,1,2020-4-12 12:23,1,13905226042,2020-4-12 6:49
08da2b56224f4c81801c717bf552c4a1,15895254992,110.760818,36.700748,山西省,临汾市,9.6,男,O63O,00后,1,1,2020-4-12 10:11,1,15152044618,2020-4-12 13:25
eb1a727a8ccd4b10948fafceca57ebe4,15152044418,110.760818,36.700748,山西省,临汾市,68,女,制造业,70后,6,0,,0,,2020-4-12 18:48
a63923049a1945c6b5bf686715e2c73f,13905223241,106.271877,37.232218,宁夏回族自治区,吴忠市,51.6,男,软件工程,70后,8,0,,0,,2020-4-12 8:05
607e5aa6e7fc4121bb8c47c4eb1090a6,15152041740,116.647953,39.320407,河北省,廊坊市,2.3,女,金融,70后,7,0,,1,13905220796,2020-4-12 13:28
778f3bd0962443439911085f006178ad,15152043917,106.271877,37.232218,宁夏回族自治区,吴忠市,71.4,女,金融,80后,2,1,2020-4-12 12:12,0,,2020-4-12 4:40
f6d2ee8d871b4e10970d014101c80b45,15152049031,108.332374,35.80668,甘肃省,庆阳市,99.2,女,新能源,90后,5,1,2020-4-12 13:56,1,15152044352,2020-4-12 10:19
fb5ea8924e1e4a6dae11f5f975a0832a,15152041955,105.462396,36.046107,宁夏回族自治区,固原市,31,女,教育和培训,00后,3,1,2020-4-12 2:42,1,15895258085,2020-4-12 13:59
742f3ccb8bf74ce086915f7aac4566c8,15152047149,100.531921,36.46334,青海省,海南藏族自治州,35.6,女,O64O,80后,4,0,,0,,2020-4-12 19:37
6bae28b641de48d5ac55e2bfca932b6f,13905227933,98.177067,33.865147,四川省,甘孜藏族自治州,46.5,男,制造业,90后,0,0,,1,15895252052,2020-4-12 9:24
78d8dbf0c8294eb6ae0b6d80d00058be,15152048591,110.319282,37.232218,陕西省,榆林市,94.6,男,软件工程,80后,3,0,,0,,2020-4-12 20:48
5242936ed36343609b4e61a3f34c61ae,15152049351,119.32016,30.190861,浙江省,杭州市,9.4,女,金融,90后,6,0,,1,15895255071,2020-4-12 7:09
86a2514bf67e492d843db9d3971bac58,13905222762,119.172982,29.420686,浙江省,杭州市,21.1,女,金融,80后,4,1,2020-4-12 20:20,1,15895256549,2020-4-12 9:53
13e93a96d6ed4ed8a79cd909d52d2cb3,13905229301,115.567111,30.350558,湖北省,黄冈市,61.8,男,新能源,90后,9,1,2020-4-12 1:03,1,13905226961,2020-4-12 8:08
bc490361a96f45b8a0a3b1c11549dfb7,15152045344,115.493522,31.113428,湖北省,黄冈市,1.5,女,教育和培训,00后,5,1,2020-4-12 8:17,1,13905220172,2020-4-12 23:58
918dee97e3494c3884503b42ddf64464,15895256052,115.567111,30.158891,湖北省,黄冈市,76.4,男,O65O,00后,2,1,2020-4-12 2:00,1,15895259945,2020-4-12 5:10
23089ac455af47039699eb28d639f247,15895256106,115.640701,29.966846,湖北省,黄冈市,35.4,男,制造业,00后,9,0,,1,15895259550,2020-4-12 0:27
a541715bf8ad47df9dc026aac48b4708,15152046717,117.701198,28.677022,江西省,上饶市,24.1,女,软件工程,70后,6,0,,1,13905220039,2020-4-12 5:44
bbba83508d9f4fbbaa8e1d4533d2cab6,13905223105,117.554019,28.286885,江西省,上饶市,75.1,女,金融,70后,0,0,,1,15152043176,2020-4-12 10:55
303aaccd937540259c6a8929489cdeff,13905222121,116.59736,28.156516,江西省,抚州市,90.5,女,金融,70后,6,1,2020-4-12 15:23,0,,2020-4-12 16:36
b29f7d71765c4056acca91295c14d878,13905225106,112.329187,28.091272,湖南省,长沙市,49.8,女,新能源,80后,5,1,2020-4-12 8:29,0,,2020-4-12 22:55
73a3b93e47564286b5635ae93156a01c,15895258572,109.900744,29.452896,湖南省,张家界市,88.1,男,教育和培训,90后,4,1,2020-4-12 17:39,1,15152047807,2020-4-12 19:39
050fb5fd4c814e3986beed6b6c1b025f,15895253221,108.870495,30.350558,湖北省,恩施土家族苗族自治州,71.7,女,O66O,00后,5,1,2020-4-12 6:53,0,,2020-4-12 22:25
10c8e2f788c146f2aed68443386e595f,15895252011,108.208193,31.239978,重庆市,重庆市,70.6,女,制造业,80后,7,1,2020-4-12 7:03,1,13905224572,2020-4-12 1:38
b0ca7bad0fba4cca8b8864e53400a2f5,13905222565,108.42896,31.176724,重庆市,重庆市,57,女,软件工程,90后,2,0,,1,15152043904,2020-4-12 7:12
c04d2214a3474084b4b9d88a70b10d23,15895257099,105.70616,31.681555,四川省,广元市,83.7,男,金融,80后,9,0,,0,,2020-4-12 20:19
c2e31c53dc074051a03c78a471887851,13905222499,108.134603,30.986707,重庆市,重庆市,37.7,男,金融,90后,2,1,2020-4-12 9:37,1,15895257024,2020-4-12 8:20
ae5c114b4c014634840c24373bcb83bb,13905227376,103.719252,26.314714,云南省,曲靖市,19.5,男,新能源,80后,4,1,2020-4-12 3:17,0,,2020-4-12 16:16
7080511969aa40a7a772615e0e783140,13905222157,103.719252,26.314714,云南省,曲靖市,48.4,女,教育和培训,90后,8,1,2020-4-12 2:27,0,,2020-4-12 23:30
3f7e5820d39741479a9b1c4ba5017029,13905224336,102.98336,31.492565,四川省,阿坝藏族羌族自治州,26.2,女,O67O,00后,8,0,,1,15895259857,2020-4-12 22:34
e9d7b5416a67441e9531f830f70b6eb4,15895255729,103.866431,32.931519,四川省,阿坝藏族羌族自治州,26.8,男,制造业,00后,8,0,,0,,2020-4-12 11:40
e988076a6bcb4a798d7b73d47eeb1e30,13905225146,111.225349,31.995675,湖北省,襄阳市,94,女,软件工程,00后,9,1,2020-4-12 9:23,1,15152040811,2020-4-12 2:38
2ad85cf73d6446408da66e89d08d707a,15895252836,109.532798,31.303189,重庆市,重庆市,97.5,女,金融,70后,1,1,2020-4-12 7:18,1,13905224398,2020-4-12 10:07
9da1aebaef044ceab34dbd1703ec5ec6,13905228954,104.160787,32.931519,四川省,绵阳市,33.1,男,金融,70后,1,0,,0,,2020-4-12 21:59
5dadeb94c47646b2854e503b442cf346,15152048847,103.498485,33.4266,四川省,阿坝藏族羌族自治州,97.1,女,新能源,70后,7,1,2020-4-12 19:17,0,,2020-4-12 19:33
35942eceb2204ea780e777a535317e90,13905224411,96.728279,36.158086,青海省,海西蒙古族藏族自治州,18.7,男,教育和培训,80后,0,0,,0,,2020-4-12 18:10
71aafd00250841fca8cc2318d9c85aa0,15152043437,116.450182,42.221968,内蒙古自治区,锡林郭勒盟,78.8,男,O68O,90后,4,1,2020-4-12 13:11,1,13905228442,2020-4-12 7:36
58f954fd6cd24d0d9781443ce749e7dd,13905222129,120.056052,43.252641,内蒙古自治区,赤峰市,48.6,男,制造业,00后,8,1,2020-4-12 6:19,0,,2020-4-12 20:27
7153162fafa54f70a6e20f38c1e69091,13905224911,122.190138,44.529852,内蒙古自治区,兴安盟,21.8,女,软件工程,80后,5,1,2020-4-12 1:42,0,,2020-4-12 0:12
9aae112f94fa4f29b324ee07588f36e9,15152043445,123.367565,44.477186,吉林省,松原市,53.5,女,金融,90后,3,0,,1,15895253998,2020-4-12 11:33
37eca7d8f12645ffb7a019f113b9a5dc,13905228343,125.722419,45.882362,黑龙江省,绥化市,71.9,男,金融,80后,4,1,2020-4-12 10:10,0,,2020-4-12 5:30
482094f6d1e24079bfabac24dd4197f4,13905227541,130.064181,45.882362,黑龙江省,牡丹江市,37.8,女,新能源,90后,4,1,2020-4-12 17:18,1,15895259902,2020-4-12 1:11
5f2c47e851064daa9b30a1392b84016e,15895258935,125.133706,47.202523,黑龙江省,大庆市,66.1,女,教育和培训,80后,4,0,,0,,2020-4-12 0:53
62784e7e15b546bca661eb8fa45dc315,13905225246,123.956279,48.048261,黑龙江省,齐齐哈尔市,43.1,男,O69O,90后,2,1,2020-4-12 20:45,0,,2020-4-12 21:14
bb93217017ec43889fec7ca7466588d4,15152049793,128.739576,47.998893,黑龙江省,伊春市,96.4,女,制造业,00后,5,1,2020-4-12 6:57,1,15152044665,2020-4-12 19:56
7b9c4b68785548eab348f2af045185b6,13905223315,129.328289,45.830941,黑龙江省,哈尔滨市,23.1,女,软件工程,00后,8,0,,0,,2020-4-12 23:15
1f2d9a3065664183a559ff80a1d92158,15895252659,128.077273,43.037092,吉林省,延边朝鲜族自治州,53.9,男,金融,00后,8,0,,0,,2020-4-12 23:49
96cea5cfd9124a398358cdb3b0f8cb0a,15152042587,126.237544,41.617382,吉林省,通化市,76.5,男,金融,70后,6,1,2020-4-12 20:36,0,,2020-4-12 5:15
691b21f46ef84f76945c16e6462b6c80,13905229067,118.216322,36.87093,山东省,淄博市,73.4,女,新能源,70后,2,1,2020-4-12 2:25,1,15895251853,2020-4-12 21:13
627348e2d75d4a609c28233d15bfbd33,15152041369,116.818128,34.041465,安徽省,淮北市,85.8,女,教育和培训,70后,7,1,2020-4-12 14:00,1,15152044725,2020-4-12 12:58
3835e17d177f4e8cb7b8a2e82cf09a91,13905220838,116.744538,32.869435,安徽省,淮南市,85.7,女,O70O,80后,9,1,2020-4-12 2:19,0,,2020-4-12 2:44
2951bfc822884136a4e01ba6c2f03663,15152040466,115.861468,34.286162,河南省,商丘市,95.3,女,制造业,90后,7,0,,0,,2020-4-12 10:51
ac60c92955cc4a51a83fdc7ca91fae00,15152045559,112.329187,34.530142,河南省,洛阳市,77.3,男,软件工程,00后,0,0,,1,13905222995,2020-4-12 5:46
3b10fda0e14a422c856732359a87b92d,15152041426,112.329187,34.530142,河南省,洛阳市,74.4,男,金融,80后,2,1,2020-4-12 0:43,0,,2020-4-12 1:20
03a81ce5ac0b42f893c6143e02ad78eb,15152040857,112.255598,34.530142,河南省,洛阳市,15.9,男,金融,90后,4,0,,1,15895252260,2020-4-12 1:45
dedb62b2f491479597766393579c8b65,15152047042,108.649728,33.549929,陕西省,商洛市,98.6,女,新能源,80后,2,0,,0,,2020-4-12 5:31
430b57083d8749a29409f745e438103d,15895257748,108.944085,33.055554,陕西省,安康市,16.3,女,教育和培训,90后,8,0,,0,,2020-4-12 0:39
c713f50ebe68438b983c902de8e9dab2,13905229702,109.017674,32.433624,陕西省,安康市,98,男,O71O,80后,0,0,,1,15895256568,2020-4-12 10:02
5062c1ad462443f3861a665fca149ace,13905224650,109.238441,31.744465,重庆市,重庆市,94.8,男,制造业,90后,1,0,,1,15895251851,2020-4-12 10:54
80e2ba0ce9304dbd9fd11af2b712b1c9,13905223420,109.238441,28.091272,贵州省,铜仁市,18.5,女,软件工程,00后,3,1,2020-4-12 10:20,1,15895256536,2020-4-12 3:33
89eced409aa84aa5bdfddb518acaaab7,13905224288,108.723317,25.315567,广西壮族自治区,柳州市,27.1,女,金融,00后,3,1,2020-4-12 14:19,0,,2020-4-12 20:10
9bee49ad31a341849cae20ce74226dd4,15895255363,110.415868,22.815589,广西壮族自治区,玉林市,63.6,女,金融,00后,5,1,2020-4-12 7:28,0,,2020-4-12 18:29
75363005b2c44861b9cee3794ac0c715,15152047648,109.459209,23.360269,广西壮族自治区,贵港市,64.5,女,新能源,70后,6,1,2020-4-12 10:51,0,,2020-4-12 12:15
6f33ff5e19084db3afdf2523464ca654,15152047105,110.26869,23.360269,广西壮族自治区,贵港市,41.7,女,教育和培训,70后,6,0,,0,,2020-4-12 4:03
784c19fe4391463ebe1c9cd52ae5618b,13905220907,113.580203,23.902697,广东省,清远市,78.4,女,O72O,70后,9,0,,1,13905224367,2020-4-12 15:12
8314ae7de73b4f9990772240b2cce59c,13905229665,113.138668,23.902697,广东省,清远市,51,女,制造业,80后,5,1,2020-4-12 2:03,0,,2020-4-12 13:03
b3c1b132a36d43b1b5fc9720828c181f,15895254355,113.212257,23.699553,广东省,清远市,88.3,女,软件工程,90后,5,1,2020-4-12 15:44,1,15895251498,2020-4-12 21:18
398682ccbf1a4063aa3ae4ff4f7f1df5,15152044450,110.563047,22.679072,广西壮族自治区,玉林市,86.8,女,金融,00后,1,0,,0,,2020-4-12 21:17
