c182c4751bbb412e853e834803801352,b05b0034cba34ad4a707b4e67f681c71,109.348825,36.068516,陕西省,延安市,124.5,72.3,8,44.6,0,,1,9.2,2020-4-12 16:37
ad27db17af1946d1b5b02817eecf015a,23b60a8ff11342fcadab3a397356ba33,110.231895,36.426178,陕西省,延安市,88.2,41.1,5,42.0,0,,3,4.9,2020-4-12 2:34
851fe162c4b64f8e9c8a51dc8ecc129b,1db33366c0e84f248ade1efba0bb9227,115.23596,38.652724,河北省,保定市,63.7,54.3,0,26.0,1,17.1,1,23.0,2020-4-12 6:16
e86b5e43fd674659b08a588de7dc9488,46cfb3c4b94a470792ace0efdd2df11a,113.837765,34.743035,河南省,郑州市,63.0,26.0,5,32.3,0,,3,8.1,2020-4-12 10:43
d590787039554732a8a6db65079fd6bd,878f401c9ca6437585ce1187053c220a,113.837765,31.650084,湖北省,随州市,159.1,85.6,7,66.2,0,,1,2.1,2020-4-12 8:44
e568688a890745c195afaafe3c1bc4ca,44165cf545734bf6a114aa641479e828,109.275236,34.255614,陕西省,西安市,121.3,91.6,4,32.2,1,6.3,1,10.3,2020-4-12 21:24
6d233bcc3390478385d29f60476f0a86,475976fccf3647da9019c4a447e9ae6f,108.097809,34.560589,陕西省,咸阳市,183.2,99.9,10,85.6,1,12.0,1,9.6,2020-4-12 6:03
e58fe1d99dd249b58d9310d35fce24b6,52dffa4535e846fb8985f87008ae2fc9,105.448598,35.167162,甘肃省,定西市,53.6,26.2,0,27.1,0,,1,14.0,2020-4-12 22:04
8c850c1c5f8547d498e4b04912da9219,721664be29b84dd09c7fe3404d8c6196,108.02422,37.430552,陕西省,榆林市,52.6,43.5,5,04.2,0,,1,10.8,2020-4-12 6:39
b52c7e31b3f24204bdddd4d04f317cd3,a17074d3fa3347dd94d9d03a97c79c7d,110.74702,39.227457,陕西省,榆林市,81.4,79.7,0,01.3,0,,2,1.0,2020-4-12 8:17
deb2234bd2db45988e6295843ae141cb,2bbff61a94ba49f3aa0416f34d5801aa,116.413387,40.250107,北京市,北京市,135.1,51.5,4,98.0,1,18.2,1,3.6,2020-4-12 4:42
3b0149db1a1b4d32875c5d5e1c277228,93c0bc70a1a3488fb0c3d8d48d7b43de,117.885171,40.811622,河北省,承德市,129.4,83.0,0,54.5,1,8.5,1,9.1,2020-4-12 12:39
53ce6fdb76314ed4bfa1d809b2f48eed,018bd63fa3bf4bff82302171944ec150,123.772306,42.139864,辽宁省,铁岭市,108.7,56.9,6,45.9,0,,4,27.7,2020-4-12 19:28
e0e3a4aeaa964b1f961d704eb5a474b1,757258b5d1064734b3fc9caafedb1acc,124.876144,42.847858,吉林省,辽源市,91.6,80.5,4,06.7,0,,1,22.6,2020-4-12 1:24
6e1dc6fa43cb40e3b9d15170a11e8ba5,552b5304c967482e9cedd5dc2d41d7a9,125.612035,43.654733,吉林省,长春市,186.9,94.4,3,94.1,1,4.2,1,17.8,2020-4-12 11:21
97376e31932e4e6fa4129d0880831c76,8b83bffaf5ec491bb0db6013210ac758,126.053571,44.080661,吉林省,长春市,81.6,06.4,0,90.6,1,15.6,1,25.5,2020-4-12 15:39
33198ce8b3264c29b7d68e20e6b893d1,3eefb3042b4d46d8aba1ab5e9f215024,127.304587,43.010094,吉林省,吉林市,148.9,98.0,6,58.2,1,13.5,3,23.3,2020-4-12 17:29
b024d197f9ba4824b2cf6656e62d2910,56e56e016f7b40deae789683f9bce4f9,125.023322,41.920396,辽宁省,抚顺市,86.0,59.1,7,38.0,1,17.7,2,24.4,2020-4-12 6:26
45dfc1df396642bb96de9ccc7a4e5314,d2d6da2ea3a148a786cd456832422806,125.023322,43.22574,吉林省,四平市,129.1,54.4,4,78.7,1,7.7,1,8.9,2020-4-12 3:12
539a08801e784b20a47eeb7c28303f2b,7a8ef5ce203844ed9a590d70f34db0bb,125.023322,43.86808,吉林省,四平市,98.5,54.7,8,40.2,1,4.8,1,20.0,2020-4-12 3:01
948f3235be884d48b941e8f38d07ce4a,8dd2946cf1024816be6f7d8ff66b7fdf,126.495106,45.753719,黑龙江省,哈尔滨市,190.1,89.8,8,92.2,0,,1,20.7,2020-4-12 9:05
e307fdc1b8884e5d9c72ea0c7852a635,904727e5324a428f87420d5071a0bd89,126.863052,45.340053,黑龙江省,哈尔滨市,148.7,53.5,6,88.8,0,,3,22.9,2020-4-12 4:06
b95d15ed150a4d9294bc17f26b470c16,0de353be17f5428e8604a312b0e407d7,127.966889,45.184138,黑龙江省,哈尔滨市,110.2,23.4,7,96.2,1,16.6,1,2.2,2020-4-12 9:56
ce1f4ff10f9d4d9b8e21258390e94c26,25af8eb54d8d4a438b4f9fe4624525e5,126.495106,43.494219,吉林省,吉林市,39.9,34.7,1,08.3,1,3.7,1,7.0,2020-4-12 20:07
fa14cf7b442f4a05bb3c39ea70a628eb,8518187483d240a3a4a0078a397bb022,114.647247,40.306472,河北省,张家口市,89.0,16.0,0,86.6,1,14.0,1,26.5,2020-4-12 10:58
f3bb85ca8d2c493d90f334635501a0fe,fdb9c5f16da04a44a63112dc563ef141,115.971852,39.967573,北京市,北京市,103.4,96.7,6,01.0,0,,1,11.6,2020-4-12 22:17
9ead636f474d4f2b80339c05c531b4ee,1042bdf06c324c5fbdfa813eb2bc084c,116.339798,39.112886,河北省,廊坊市,95.9,89.6,4,02.2,0,,4,27.5,2020-4-12 18:25
0e4c4a453d6249bda3742d4abb13536d,1b05523666f74a9ba05855a752a05253,116.781333,39.740694,北京市,北京市,31.9,37.4,4,00.4,1,10.2,1,5.4,2020-4-12 17:16
0cc6a4ca7791491ea999b21c920f5a8d,16dc018edbb54de8b28d4375a18ce592,117.002101,39.740694,河北省,廊坊市,120.4,91.6,7,21.4,0,,2,21.5,2020-4-12 8:21
cfb73a21015c4b70aaa7abc3d8d63d73,14a11e7aaad0441991bb0c28d30e49e3,117.07569,39.284672,天津市,天津市,42.5,21.3,10,13.3,1,2.1,3,20.5,2020-4-12 11:57
bafa5356c2684b9cb71b37b00226ee56,36a4ad722b944758b45dcc601d022d9a,116.928511,40.137235,北京市,北京市,122.5,68.4,6,48.5,0,,3,6.0,2020-4-12 8:29
4b120a17e6884b4a8b22f83f44df4ad6,3eba1a57c4074ed7b6c9b16ca18c194d,116.560565,40.306472,北京市,北京市,149.7,88.2,2,71.1,1,11.5,1,7.2,2020-4-12 18:34
cf3f5335261c47af86dacf6d19b882a6,1586c69c05a644a28ac5930712925c80,115.309549,41.312927,河北省,张家口市,73.3,36.5,10,27.0,0,,1,21.2,2020-4-12 13:23
87cc302b48c54d478648abe9a78eee9c,692cd4715f3247e8b520a935a9208f6d,115.309549,40.193695,河北省,张家口市,161.3,60.9,4,96.1,0,,4,29.0,2020-4-12 23:11
13654798d19449cea63af121f479a66a,a8393cb6221641c2a17818269774e11c,115.603906,39.51306,河北省,保定市,139.2,99.7,3,42.5,1,5.8,1,18.5,2020-4-12 22:20
ef0f0b9815c544888b336750e49ed170,0679886aa70e42658e3671a0dbe68f6c,116.634155,40.137235,北京市,北京市,58.4,01.9,10,46.8,0,,1,22.0,2020-4-12 13:09
48909a3c5e364cd4836336144db62e28,a62d2b681eeb4537a0ef3b2eb644a09d,116.707744,40.867513,北京市,北京市,177.0,88.7,8,79.9,0,,1,12.5,2020-4-12 2:44
0462b7f65a7f406785152db43fccefff,09f22acb69494cfdaac67b2194dff306,116.634155,40.867513,北京市,北京市,93.5,68.4,0,29.2,1,4.4,1,14.0,2020-4-12 20:14
587fb8d0e1e64d389461e84bdefb7859,210d668a235740cabbc21bfca805c6c2,114.573657,40.531458,河北省,张家口市,72.8,68.6,2,02.1,0,,1,3.8,2020-4-12 3:21
53e2dda2fcb245f4bdd19d3afef665d3,324fb332738643ecae8fc955fa8be829,114.647247,39.683857,河北省,张家口市,67.2,18.7,7,41.1,0,,2,1.7,2020-4-12 19:45
e9731eb21ad642e492ec7a46edf34d5c,8eefbbebdeae4a77bab4f1ba5e35e290,114.868014,39.05553,河北省,保定市,42.9,17.1,4,21.5,0,,4,2.4,2020-4-12 0:36
26df085cd4d94353b6fc3b40e2731a16,63802abcd02b4c0db71c978b95f8d28b,115.23596,39.227457,河北省,保定市,147.6,84.4,6,57.6,0,,1,12.6,2020-4-12 1:30
59e3f52beb9c4bfab7350e9aace9252f,8207c5b87e85468183b88809048fb5e0,115.677495,39.456034,河北省,保定市,46.8,40.7,2,04.2,0,,4,5.3,2020-4-12 7:13
f0a4c2032d9446418a18b71ea6fcf5f2,9b98385e8cb644e2944bbed6289d0bf9,115.677495,39.456034,河北省,保定市,105.3,92.4,3,09.7,0,,1,24.4,2020-4-12 5:01
6653740b010a4f96af7725d30ba47df2,f92037e643964fb6b884f15a9dd80069,116.707744,39.626972,北京市,北京市,138.7,75.0,1,62.6,0,,1,27.0,2020-4-12 2:35
53f9a132399e4787a65b964fc43d3421,ac8cf65d66044cef901dd8bc563f0487,116.928511,40.531458,北京市,北京市,106.0,76.3,2,34.0,1,6.3,2,22.0,2020-4-12 4:26
76a58229f97e415ba9ae4ae6870654ae,ab3b08e8d8034215aa6a860603ba577b,116.928511,40.531458,北京市,北京市,83.8,10.5,0,78.9,1,5.8,1,10.6,2020-4-12 22:34
c53f6a16cc6e4c7cada5ed3da7295fd8,3fb7f4af1d9641d4aff378543eddf4cd,116.045441,40.755684,河北省,张家口市,156.1,70.9,3,84.9,1,2.2,1,3.8,2020-4-12 18:38
fc06ff3c5510422483938815818d6c57,83ff5888fa2e4695a7a94cf75a39bc59,115.898263,41.0349,河北省,张家口市,148.2,76.4,6,65.6,0,,3,14.4,2020-4-12 19:23
d17929c55e9143bea3a71fe2ff000148,6eac5722994d43b2a94e1e40c7697630,114.426479,40.362789,山西省,大同市,166.1,81.9,2,81.7,0,,1,0.9,2020-4-12 18:18
c4cff8be73d94fd789732160f650f448,7d13e16574ac431e99ef0a654a9d269b,114.426479,40.362789,山西省,大同市,86.2,16.9,6,63.2,0,,1,5.0,2020-4-12 0:13
3a580daf77de459982c9db1ed04b3540,93db30243de0434bb7717fead59ec9c6,114.573657,40.362789,河北省,张家口市,119.4,66.8,8,44.9,0,,2,17.2,2020-4-12 6:40
82efb7b839b743e3a674f1b4afcae5f2,21c392e5527841e5a9914442277c11f7,115.309549,40.587585,河北省,张家口市,141.8,95.8,2,44.1,0,,1,20.5,2020-4-12 1:25
3407042850704b4dae4db1c13981f7d8,be8c540346304240856bcc3c3323a97d,115.309549,40.643666,河北省,张家口市,194.4,97.1,9,88.8,0,,1,25.8,2020-4-12 10:31
3ab1e0aec10549b2a42273e36b95c98f,a2cf13f781374fec817cb3943c4ec29e,116.266209,41.368389,河北省,承德市,128.6,60.4,5,70.0,1,6.5,1,27.8,2020-4-12 21:54
eeb1e327e0084bfa82fcfc64483d8c8d,fd8dead432d2489fa43921aeee3494ba,116.486976,40.923356,北京市,北京市,36.4,10.0,6,20.7,0,,4,22.6,2020-4-12 14:03
9851d3b502564086aad6e49720ef03bb,2b8b010d91674a3f99a0a8d4d878a0d2,117.296457,40.193695,北京市,北京市,107.7,08.1,4,99.6,1,3.8,1,19.4,2020-4-12 7:11
b39e4396a85f47aba0ab7315530ed1b2,9fda289205db43cf98846f86ecf3ad86,117.222868,39.170195,天津市,天津市,86.7,60.0,4,25.0,1,1.8,1,22.3,2020-4-12 7:48
b0908faed8be49b6852b7c00400f769d,d231007472544067ba4b7a0e43bf60f8,116.11903,39.05553,河北省,保定市,119.0,92.3,4,30.3,1,7.8,4,27.9,2020-4-12 7:57
3877db57fc1c468e9fb0eeb8f5d6f087,13de2f3dfb93402ab0ad66caa6f3fbbb,115.677495,39.456034,河北省,保定市,27.2,00.0,4,23.6,0,,1,7.7,2020-4-12 13:44
4fd6151c59194ea9904b5c8dfec1e026,63bb7cb269af4b6d968aad3ea458b7f3,115.677495,39.683857,北京市,北京市,107.3,69.9,2,52.9,1,17.5,2,27.5,2020-4-12 5:58
6204f7ee77324e948995a4d4c053107b,1ecad5291e904de78699518f55285e1b,115.751084,40.137235,北京市,北京市,133.8,50.8,6,76.9,0,,1,27.9,2020-4-12 11:13
5b8581eaad404e25a66b174f69edb864,174ee146ff0d41fea3fa3dd4f573f955,115.751084,40.137235,北京市,北京市,192.3,96.7,5,93.0,1,2.9,4,13.4,2020-4-12 10:27
1bd2ff5c1cff41248a62b7df688c994c,6a033545e9ca45e6b70a0ad2eb77f020,115.530317,40.250107,河北省,张家口市,43.0,25.6,5,12.6,0,,1,7.6,2020-4-12 1:07
a3ffc0a16c51442580ec54a6342f0797,6f62ac82c58f4d4a9eecc5128debb94e,115.530317,40.250107,河北省,张家口市,79.9,34.1,5,53.7,1,12.7,2,25.3,2020-4-12 6:49
a2fadae92f6b4675bf825be3fcb6654e,574f5967bb2a4b0c9042caf82aa099d6,115.530317,40.250107,河北省,张家口市,95.1,72.9,5,19.1,1,1.7,1,3.3,2020-4-12 2:29
3c0b13cfd043472abf9d46171f2b317e,a07de992ac0740b8b9910202c638a5c9,109.863949,40.137235,内蒙古自治区,鄂尔多斯市,79.0,26.6,5,67.1,1,19.8,2,17.5,2020-4-12 16:39
13cf30dd5f6f4af99dc3675ee8df8077,84b5f11e846c45ce9751575ca098d943,112.660338,40.643666,内蒙古自治区,乌兰察布市,42.9,34.6,3,18.9,1,13.7,2,7.5,2020-4-12 7:49
bdf165d4252f4b9d83e6ba32a258b5b9,e08a0c8a992545c5a0207e41fda16d17,111.63009,40.979152,内蒙古自治区,呼和浩特市,84.9,83.8,7,01.1,1,7.2,1,9.9,2020-4-12 0:36
53cbc680a9d24c4db31db10e18e94ae8,78e8271fea514cafbcdb7439adb8a867,112.954695,41.755295,内蒙古自治区,乌兰察布市,123.1,97.2,4,21.9,0,,3,15.6,2020-4-12 20:03
8d7343a61e9a414d95bee58ed0f5e8a7,dd59ace3132f4db6ae39ce8f6c00a0f8,112.218803,41.257416,内蒙古自治区,乌兰察布市,63.1,04.3,9,61.5,1,11.9,3,23.7,2020-4-12 14:54
a49c25ee42534d5a812ab20112aa2221,d426331953a94ea3bb99a6a3706c0fc8,111.850857,40.923356,内蒙古自治区,呼和浩特市,135.9,54.8,9,71.8,0,,2,18.8,2020-4-12 17:47
52e9ef7c860e4b9eae71f5cf7e7c6cc4,66ee238a5e40485a81776d475b46c963,111.409322,41.146253,内蒙古自治区,呼和浩特市,162.1,58.7,5,98.6,0,,1,27.4,2020-4-12 5:32
2428647b2f784b969b04626e96b72dd6,d9d887eda48549b1b587d50ae9f87f17,112.218803,41.257416,内蒙古自治区,乌兰察布市,44.8,29.4,2,14.5,1,1.3,1,0.4,2020-4-12 21:13
e7da65c8064f408da6f20733d0b536ed,58bfd7db7a27434e9d7e168dc5fd954e,106.699614,38.825637,宁夏回族自治区,石嘴山市,172.5,87.5,4,87.4,1,6.7,4,22.4,2020-4-12 12:11
45f41630ec7545b7a4e27f57eecccac2,34d82a5b22e54d1e9b656d1034bcee0f,106.699614,38.652724,内蒙古自治区,鄂尔多斯市,137.7,95.7,5,43.1,1,6.3,2,16.8,2020-4-12 3:13
dc91934b74c444f8a9a49047472e99cc,0b9d6ae056a14345aa69d701f8bfc6e3,106.258079,38.652724,宁夏回族自治区,银川市,90.9,72.9,4,25.4,1,11.7,1,1.1,2020-4-12 19:42
6d539ac5ff0748629d0e6d00489289fd,9501633e149547d68426e47622239d16,106.331668,38.363598,宁夏回族自治区,银川市,99.4,76.1,8,15.0,0,,2,20.5,2020-4-12 8:33
74e134987d754c428efd0a3ffeb8799a,6e1e0e2d2f6a4bef8753177569acd2e3,101.548371,36.60439,青海省,西宁市,85.8,38.3,4,43.6,0,,4,21.2,2020-4-12 3:55
4dfbe9f1535a4b92be542b352d969054,400d0b2bc3f146dab96d1b8a44bc359d,100.886068,36.068516,青海省,海南藏族自治州,158.0,95.3,7,55.9,0,,2,9.0,2020-4-12 17:16
aa79e26df2f240b7a61f57ee93f0a857,3ad590df0a794876aefeb23483c706c7,100.886068,36.722967,青海省,海南藏族自治州,60.5,61.4,10,02.4,1,13.1,2,8.1,2020-4-12 19:21
577e51ef08e54891bd4464c9b5b6eb7d,a01d92281895470e87045198ca810652,102.063495,36.722967,青海省,海东地区,30.0,12.3,4,18.7,1,5.4,3,14.3,2020-4-12 15:22
f263bca30b4a4184867a8fc3bb75c7f9,7c71b0d613cb455cadf819969bcc3805,100.959658,37.018604,青海省,海北藏族自治州,108.1,86.6,5,17.0,0,,1,20.8,2020-4-12 23:31
67051c58d3dc4db1a1f3059e03c9dd06,89bce23f62ce40b89f5a8b4ea5f854b3,101.033247,37.077592,青海省,海北藏族自治州,154.6,58.9,4,91.5,0,,2,20.7,2020-4-12 22:13
366ae544c0c84d91ba8a1fb1ef1139e5,39cec85d51d84990aaa3275419c1b3c9,87.713604,43.494219,新疆维吾尔自治区,乌鲁木齐市,113.4,28.4,8,84.9,1,8.3,1,7.4,2020-4-12 18:07
cbcac8646b834a90a88d24ab898767a8,80f138956c70455d8954bf38ccfd7289,87.713604,43.494219,新疆维吾尔自治区,乌鲁木齐市,48.2,30.8,1,16.9,0,,4,5.6,2020-4-12 22:59
33f6bc600d0d482282df69b7e64c0178,a20628d509ea485da3b90e14f99992f9,87.713604,43.86808,新疆维吾尔自治区,乌鲁木齐市,123.5,35.5,9,79.0,1,0.2,3,18.7,2020-4-12 12:24
d8a1456383d2423b99f3563b4674ec54,263c84931d5e44dda58ecfe6e6b5dd94,87.713604,43.86808,新疆维吾尔自治区,乌鲁木齐市,48.7,21.5,10,24.0,1,6.3,1,14.2,2020-4-12 7:57
d80a5c0af23b4f72a1371e19d0b39a38,daeb20604e3e4581b77d1562690597a6,87.492836,43.601276,新疆维吾尔自治区,乌鲁木齐市,145.6,50.1,0,95.3,0,,1,5.0,2020-4-12 13:44
c83bc7d370e94f9999e81c6020fac011,6fa71978c3ff40c2bc36908dd6a1a0b0,87.640015,42.793684,新疆维吾尔自治区,吐鲁番地区,105.8,16.2,8,81.8,0,,2,0.6,2020-4-12 5:58
02a335221b764543bd8d2cf71e1072ca,640ab1e968944c87b05afdbfd9b6e246,87.345658,43.86808,新疆维吾尔自治区,乌鲁木齐市,130.9,63.0,6,78.1,1,16.0,1,13.7,2020-4-12 11:13
25944af78db9464180213e1afaf58125,69f5c66bae474c5b8b1f883b97579c01,91.098707,29.74232,西藏自治区,拉萨市,111.9,19.4,2,90.8,0,,1,28.1,2020-4-12 10:27
a6cb76bca1a44ea2a638dada7199f09d,8b91e25a8c5f47e198e80b293e0b5666,91.098707,29.74232,西藏自治区,拉萨市,127.7,94.7,7,26.4,0,,2,17.2,2020-4-12 1:07
3e7e9722c4294282991e049d168655d6,d4b1c3fda60f4e3cbbbe4ab706b3f817,91.466652,30.446249,西藏自治区,拉萨市,65.6,46.1,9,11.1,1,0.1,1,4.2,2020-4-12 6:49
5e00d4e256364e56a20cf785d4850aed,eb65d6fb52da4373805ec155c66c731c,93.52715,29.99888,西藏自治区,林芝地区,35.5,18.9,9,07.8,0,,1,15.9,2020-4-12 2:29
6680ca55698346059916f45c9f1140a1,3daf5492764f4142bfb7508333e0c8a0,91.908188,29.227209,西藏自治区,山南地区,61.1,26.1,8,27.2,0,,1,21.4,2020-4-12 16:39
43ffd65f0b2b49539886aedd151927c7,3cb2e174413045fdbd5376e10d2972a9,104.271171,30.637348,四川省,成都市,138.7,73.6,2,72.2,1,9.2,2,6.1,2020-4-12 7:49
19b8825e05ba43dc9d970259bd3a9553,6f73f20728864f209a235a5a899f29df,104.712706,29.61379,四川省,内江市,69.2,23.0,3,44.4,1,0.8,2,17.7,2020-4-12 0:36
7518c877938a49fda6c2e4e927c54376,635340b468314ee28162c313fc835ebb,103.976814,30.891555,四川省,成都市,124.9,49.3,2,73.6,0,,1,7.3,2020-4-12 20:03
445957bbb6764be68dede9da15dd0180,eee946e6ba6a4a57954e08b7c3f97a14,104.34476,30.318639,四川省,资阳市,126.8,52.1,6,86.4,1,17.7,2,20.2,2020-4-12 14:54
c2f39ad10ae449a3920ba1d288f90ef3,5d35662466234e76a9c564c9434968d9,105.007063,31.334779,四川省,绵阳市,19.6,11.3,7,18.3,1,17.2,1,29.6,2020-4-12 17:47
34aa8346be3342999fc61b16d046f96b,8c88a30a8fc047ae89612660ea21f450,103.535279,30.254771,四川省,成都市,145.6,57.4,8,97.4,1,17.0,1,6.6,2020-4-12 5:32
26da9c697b74447a814cdc292bc3051b,958a659a6edd482ba7df31a5b39ca2e5,107.06756,30.700964,四川省,达州市,13.2,04.3,0,21.8,1,13.2,2,16.7,2020-4-12 21:13
decf71857663435991372404752a5aeb,9004c38c7dd940bd840cd5db2104f46f,106.993971,29.485095,重庆市,重庆市,61.0,06.1,6,49.4,0,,2,24.2,2020-4-12 12:11
aac9f5486ee740f6b392dc2aa3273607,b76cd6603b98426f90733224b67e17a5,106.846793,29.162635,重庆市,重庆市,99.0,81.7,5,26.7,1,14.8,2,7.4,2020-4-12 3:13
f88abfe400f44e9f9f8e655fdd3f4f24,781d321b4a7849719ac1e89e45c0806f,105.448598,29.356235,重庆市,重庆市,95.6,83.0,10,05.5,1,2.4,1,28.5,2020-4-12 19:42
1bc4a9f4ede7465894cb3cbfa604abed,71d093bf300f43fb99562d613227816e,106.258079,30.190861,重庆市,重庆市,130.7,40.9,2,97.1,1,8.9,4,19.9,2020-4-12 8:33
38cbb37aae334f9c90fad5909aca3c53,8b7c0708e23549beb05981aaaf7acfd5,106.110901,28.968665,重庆市,重庆市,54.6,30.7,3,26.8,1,6.0,1,22.4,2020-4-12 3:55
4adcba7fe94a48ee9e97235bcfd8bc89,319dd5d55e7d4766aa1af31ae8ca5c49,106.110901,30.190861,重庆市,重庆市,122.0,44.8,2,74.8,0,,4,0.4,2020-4-12 17:16
bd045af22ddb4bd0a3253343bc778485,7c51307b6ab248f89a0122f6ea094cbb,106.552436,27.53508,贵州省,遵义市,32.6,29.5,1,13.2,1,11.0,1,7.0,2020-4-12 19:21
7c73e4387cfb45e5b88292a390730ce3,cb1e09f147b94bb48921d21ddb64baff,108.760112,27.008993,贵州省,黔东南苗族侗族自治州,133.2,91.6,1,51.8,1,11.2,2,22.3,2020-4-12 15:22
97962f12df6646c59aee1e6098d6151c,0a48ef2c65384a73b25e8e1a0680d556,107.361917,26.015866,贵州省,黔南布依族苗族自治州,99.4,14.3,3,82.5,0,,2,15.0,2020-4-12 23:31
c87c1c7ac00d48f58d42cc327a87e7ad,311812273eaf4429b9ec9dd84a694563,106.331668,26.347872,贵州省,安顺市,151.9,88.1,7,62.7,1,6.3,2,20.9,2020-4-12 22:13
295706de8bb6476aba2afb80a79d472c,6a27b0c6fd554249979efbd6069fd3a2,106.920382,26.414158,贵州省,黔南布依族苗族自治州,108.3,18.3,2,92.5,1,4.2,1,8.7,2020-4-12 8:33
460c0dc994d64f68a0fb52d49481a348,672063fc88b04c89ba43b1b30d032ea1,117.370046,32.527193,安徽省,滁州市,87.9,44.1,6,37.9,0,,2,20.0,2020-4-12 3:55
b23108efc7ba4fb59e82716b324ea7cb,8d2a07cc3ec048a09e9e75d01d19313b,117.222868,31.964312,安徽省,合肥市,165.1,75.8,6,88.9,1,5.9,3,10.1,2020-4-12 17:16
b0669075b399487195dba098604f28e5,4ee96e7912754e3bb7c2e1232613c26b,116.192619,31.650084,安徽省,六安市,42.4,46.4,2,09.7,1,15.2,3,6.3,2020-4-12 19:21
1bdf726f1d3f4890907b16f9c79a5e36,f6d8bfddc3bb4693b6e8ced298e51fc4,116.413387,32.776228,安徽省,阜阳市,117.9,28.6,4,90.3,1,4.6,2,16.5,2020-4-12 15:22
7e8aa7ccb01148e1b14d4daaae625b18,6b487426fbf0498eb69d7b27e3e1ad26,114.868014,35.227571,河南省,新乡市,29.9,36.4,3,07.7,1,17.3,1,23.1,2020-4-12 23:31
73f29409e9bb40aeba8593a8caec432d,08424636797344f3b69fdbf79625a8e7,115.015192,34.072091,河南省,周口市,64.9,15.2,1,48.4,0,,2,9.3,2020-4-12 22:13
547f8aaa16474e82996ead0daa2fe0b0,1b957228ac6349ee88257348ede09cc9,113.837765,34.743035,河南省,郑州市,172.0,79.5,8,84.2,0,,1,5.7,2020-4-12 18:07
2533cf08657b4eb784765f3453165095,bcdc0050b80d4b8d93266a0193c66229,115.23596,35.528933,河南省,濮阳市,91.9,63.3,9,19.1,0,,1,8.5,2020-4-12 22:59
2acf41d78b6046c59c366cb5cfd093e9,37cc359edfb9448b8b62c3c9f37306be,114.500068,36.366683,河北省,邯郸市,88.7,83.6,9,03.2,1,6.8,1,5.0,2020-4-12 12:24
70d37526b055409da2322d81b9d64aad,95058a74318d486fa5c40dd6b8362364,117.370046,36.663702,山东省,济南市,78.2,06.0,9,62.9,0,,2,10.2,2020-4-12 7:57
eb0516bed0644f1086b43ea3839b95f1,6d49d9da64734ed48cdc615d703b79f0,117.443636,36.782187,山东省,济南市,96.5,89.7,5,07.5,1,5.6,2,0.9,2020-4-12 13:44
c474b982e820466c9614517a53c881e1,e99735f5942e4ecfa94e26e697b228fe,117.664403,37.195431,山东省,淄博市,112.0,66.8,3,41.7,0,,1,2.8,2020-4-12 5:58
1a29cd43c329447a817c049c4158b395,6235cd4939e0438a81b1c9667d85f1a1,117.664403,37.195431,山东省,淄博市,77.0,37.5,5,44.2,1,10.2,1,9.5,2020-4-12 11:13
019b5d0f1f6f4b4a8b92dedd2860e703,46f25f670a1c4582b53a5a3d32499155,116.045441,36.18792,山东省,聊城市,28.1,06.4,9,23.3,1,10.3,1,10.3,2020-4-12 10:27
5ddab3db9bed462baf5dceb195dc9054,64ad8fbbffde4eea88cb8e42b17bcc7d,117.590814,37.547835,山东省,滨州市,110.9,66.2,7,37.3,0,,1,5.8,2020-4-12 1:07
04f63773afce4a3aa42d509ce2cb4284,30b9e91babab424fac57dc1169ee471e,117.149279,37.224862,山东省,济南市,116.9,94.4,5,26.5,1,9.1,4,21.6,2020-4-12 6:49
511f01ac28324ce5a709c7f4dde5b989,7c6f77c2e6c541f8bd559a62106729c8,116.670949,37.81104,河北省,沧州市,80.7,92.6,5,00.3,1,17.0,1,29.9,2020-4-12 2:29
0997b6f90c024bca97598d50356375d3,413526876e00442c88d841d525eea603,116.082236,37.694176,河北省,衡水市,49.8,15.2,5,33.9,1,3.9,1,25.8,2020-4-12 16:39
fabd56d496b64a99aba49a68afa8cb3f,6880192da9d84588ad1fb6ffcc21f94f,115.088782,38.131456,河北省,石家庄市,151.7,96.8,4,50.7,0,,2,9.3,2020-4-12 7:49
e1c77cbfe81c42e5ac10a7793fb67723,09099efb89924680985725e0e29fb7a9,115.23596,38.537214,河北省,保定市,83.7,28.6,3,51.7,0,,2,2.9,2020-4-12 17:47
d9474eae7d73479ab0e9a44d83bcfb4e,283896dec7114c36bded53dc70ea2f55,115.530317,38.768046,河北省,保定市,66.5,27.3,4,34.9,0,,1,20.7,2020-4-12 5:32
9965eb8b53794b1ebaf7e5187140745d,dfeb69a675dc499a833ec2ff024c8e6a,117.07569,38.594992,河北省,沧州市,67.4,21.4,3,42.8,0,,1,14.3,2020-4-12 21:13
0c24f0107914410c8e275ef59362d16d,67db856d8ab3427887fb8bdd52d85b61,116.928511,38.825637,天津市,天津市,138.2,55.3,0,82.6,0,,1,13.6,2020-4-12 12:11
9db739990c7e4836af3421e0b87b21a7,93bc114b6ec44f1b861b0b1318101317,116.928511,39.05553,天津市,天津市,80.9,22.2,9,63.5,1,13.5,1,26.9,2020-4-12 3:13
eb4d5d81be7d48ae9b237af0a94299cd,1ab89fca431048b08af53d3c6b90f8bb,117.921965,39.370406,河北省,唐山市,163.9,97.8,1,83.5,1,18.0,1,29.5,2020-4-12 19:42
552325cf158e4897b9f5614545fa9b19,cda2ad96264d4f6e823c5e08537cd213,118.3635,39.65542,河北省,唐山市,95.5,11.6,1,82.5,0,,2,7.0,2020-4-12 8:33
6be63e919dd346c1ba89215ff26ed69a,6c507a1e1936444f96630ace67c5f084,118.3635,39.65542,河北省,唐山市,41.6,09.0,3,45.2,1,15.1,1,27.0,2020-4-12 3:55
cec8ffe4daa34bc89b3c3a48821f17eb,cf1d64147bb8441ea632b5c2d289bd4f,117.664403,39.882582,河北省,唐山市,110.1,83.8,4,29.2,1,6.8,1,19.3,2020-4-12 17:16
a8abb484f1b346b6a535b49426e863d6,5a564a6ca8de4db28942d98bfae9a578,118.43709,39.854228,河北省,唐山市,35.8,37.4,1,05.2,1,7.4,1,18.7,2020-4-12 19:21
5033b16b019d47259d6f45c8b0e8397d,864738e840fb46be9c85e052c078f60a,118.584268,39.712281,河北省,唐山市,137.5,78.5,5,53.6,0,,1,24.1,2020-4-12 15:22
43b683d62f7a428da924de0a0466a1d0,7d67b6c6c18245728014633b3c33dffa,118.878625,39.626972,河北省,秦皇岛市,138.2,98.0,5,35.5,0,,4,28.3,2020-4-12 23:31
1d866118cda94fafa0ae993b3e771829,6931bf9deb3a4a0bb4846b434b18939f,119.761695,39.967573,河北省,秦皇岛市,95.6,57.4,6,40.7,1,8.2,1,2.3,2020-4-12 22:13
d28b95c41e574df0bc4ced364280a4fc,1b9626a3e2d6464f80b91af2d44426c4,119.7249,40.108988,河北省,秦皇岛市,113.7,35.1,0,85.9,1,7.7,1,21.3,2020-4-12 8:33
fae776d7c6ba42509cc174c9ecb3fb99,511338053a4243ffa2e5e3e5caa41c69,119.688106,40.306472,辽宁省,葫芦岛市,102.4,21.8,6,74.9,0,,3,26.7,2020-4-12 3:55
104044eaa4d44007a4f585546d1d5d70,db115444cfab4057b7d6c3adc48bce3a,119.688106,40.39093,辽宁省,葫芦岛市,196.4,92.0,7,97.8,0,,2,27.3,2020-4-12 17:16
42a2d92ca68841f8b1df6706fc5e160b,17185a63ade9451db9c830e84cd115db,118.768241,40.278295,河北省,秦皇岛市,61.9,09.0,0,60.3,1,7.9,2,22.5,2020-4-12 19:21
40faf56c4a1b4a6d8fb88e1760c93a9b,c1772c06b81545d0a65dc7bd9dce8547,119.688106,40.531458,辽宁省,葫芦岛市,88.9,40.9,6,41.8,0,,4,0.8,2020-4-12 15:22
2e6648db2916496bac557b56947e4705,da1829ce3084408da26cc29bc38b6650,120.092846,40.503376,辽宁省,葫芦岛市,52.4,08.0,9,52.1,1,17.1,1,25.1,2020-4-12 23:31
8cbdab92a9a24892877911ecbebbdf38,4b96045144514b569566f71bbacf45cb,120.387203,40.755684,辽宁省,葫芦岛市,154.0,80.6,9,65.5,1,1.5,1,27.2,2020-4-12 22:13
2a62e925cd9249cca8907c673ee4eaf8,12eff2823b434196854789d743ae4323,120.828738,40.671688,辽宁省,葫芦岛市,97.7,59.7,0,37.7,0,,1,22.7,2020-4-12 18:07
92567c5fa3804b5ab9b7be8f97ec6eb0,973cc39f73b44cbc97c9ba0ecbbdf274,120.828738,40.671688,辽宁省,葫芦岛市,123.9,28.5,4,91.7,0,,1,28.7,2020-4-12 22:59
a3682d8a5dc14aed9c0ca7616dde7966,029d8837d103485c8c0471e3549555c7,120.902327,41.0349,辽宁省,葫芦岛市,22.7,12.5,2,10.2,1,1.9,1,26.5,2020-4-12 12:24
a3a70c0de675448c9ad2a17b3afa1939,c3a41554154749cfba3a10689bf06347,120.939122,41.118433,辽宁省,葫芦岛市,99.3,36.2,2,61.3,0,,3,17.5,2020-4-12 11:13
c2f0c4c4c7684b7493708b1a9a5a9722,e63d8e30488540629a5700590d00f29d,120.975917,41.201859,辽宁省,锦州市,160.3,82.2,4,81.8,1,7.3,2,7.4,2020-4-12 10:27
65b5fc8a7e834b8694652e4c1bb4050e,166799a77cc8489d99852955ad3b2f3b,120.865533,41.617382,辽宁省,朝阳市,109.3,12.3,2,95.2,0,,4,26.4,2020-4-12 1:07
429fe7426a2a4c7eba99722ebe709aa3,7e69d9ce4db34b52a3af11aa12202b40,119.32016,42.549308,内蒙古自治区,赤峰市,38.9,06.0,5,28.3,0,,3,7.2,2020-4-12 6:49
37c1a79522704006a0670f0dc41d3aae,d6ecb31fa39043579850003c00e36756,118.915419,42.057653,内蒙古自治区,赤峰市,159.2,84.2,1,74.3,0,,2,23.4,2020-4-12 2:29
2d6f690e9388475aafedf82db39d5629,1cbc442253764c18a7206357464bd3c6,118.768241,42.112473,内蒙古自治区,赤峰市,96.3,78.2,9,09.3,0,,1,27.4,2020-4-12 16:39
438a68b66c2a438198e3770f7468b9df,9d4e6add04ed4b8195305a5431f737d5,119.504133,42.658039,内蒙古自治区,赤峰市,67.1,27.5,3,36.3,0,,4,27.9,2020-4-12 7:49
ff704fff01fd4586bc2749d55da20187,7479c142ccb34326a595379eb3200c6a,122.815646,43.654733,内蒙古自治区,通辽市,76.9,57.5,2,17.8,0,,1,6.3,2020-4-12 0:36
1fcd5d749a2b451c8ffcefe6a9779501,9ae45a83ac7148a08d71cefc70f976a6,121.858987,43.86808,内蒙古自治区,通辽市,109.7,45.3,5,59.4,0,,2,13.3,2020-4-12 20:03
f4c852690cc14666a2d11cdadc6d90cb,9b54842a1132466ba94da011d97e8896,122.631673,43.654733,内蒙古自治区,通辽市,81.6,86.1,4,00.3,1,8.8,1,7.2,2020-4-12 14:54
b3ba78a466ae4cd68f56eea9c12f425e,3874ba6530124359880369fd449d9151,119.283365,31.366357,江苏省,常州市,131.7,71.2,1,68.2,1,8.5,2,13.7,2020-4-12 17:47
43339033655e492ca23548c2163c9ce0,f1b30fe583f14ad4a2a4c2ac812ded06,118.989009,31.995675,江苏省,南京市,133.9,57.5,9,67.1,0,,1,2.7,2020-4-12 5:32
6399f87a46e64fbd80054c7840e18754,346b09af09794ac789acad213feca43a,118.952214,31.995675,江苏省,南京市,103.2,04.1,7,92.2,0,,3,26.6,2020-4-12 21:13
0e73d898b07d465893a7898b86d97cab,8c35f4dfbd0142a7bd9730526d23d881,118.621063,31.492565,安徽省,马鞍山市,157.8,59.0,2,96.6,0,,1,21.8,2020-4-12 12:11
c5e4bb1d4cc54de5add576228a116368,8c9a3faaf9814598a798390c9b06640c,118.621063,31.932938,江苏省,南京市,143.6,66.1,1,83.5,1,7.4,1,14.1,2020-4-12 3:13
ba1be179201449b4ab9afe6049c5e535,238ab04d1e384bc69ed5915b8eb3fbb3,118.510679,31.050089,安徽省,芜湖市,147.0,56.0,8,83.1,0,,3,24.3,2020-4-12 19:42
2a1d3b21e5d5460e960a633c1616e722,5dde0f5ee7be4dcba8cc1260c7376544,115.419933,30.478126,湖北省,黄冈市,136.4,48.8,9,79.0,0,,1,22.0,2020-4-12 8:33
66784999f04f4a2bbe41eff45286a42e,f6327ec78e7349b1972a22ef4fe92907,116.266209,30.478126,安徽省,安庆市,109.8,66.4,3,40.5,0,,1,4.2,2020-4-12 3:55
a07762f1fa0349bea974754a01c8198c,3107a6aa81d34fc8a46a7c1a1d906300,117.664403,29.710203,安徽省,黄山市,148.7,49.9,0,98.4,0,,1,10.3,2020-4-12 17:16
731df828bdb74d979a787a84ec81058f,34a60ad914f44647819629d11854ce4b,117.848376,29.710203,安徽省,黄山市,109.3,15.1,2,92.1,0,,2,5.9,2020-4-12 19:21
4d6498db70e849a9a3c18dad56f50e26,8c9b5088349c4fadba095135ad530b8b,118.43709,29.356235,浙江省,衢州市,155.3,83.7,5,73.6,1,6.6,1,24.5,2020-4-12 15:22
654eb2ac24d0496ba433ea7e1829fa2d,ba09eb9e61384f45a3ff9923c4397489,119.32016,30.190861,浙江省,杭州市,101.7,76.7,3,22.4,0,,3,26.0,2020-4-12 23:31
98596bd75d5a4baf869afc6e82cd4423,fac653c829834ab59113c4e3bdec256d,119.172982,29.420686,浙江省,杭州市,108.0,08.8,5,93.9,0,,2,24.9,2020-4-12 22:13
440c788eb28f4475aa4c5017c3fd4342,3a74abe6f77a48c2bd81bbbfc8fd3443,115.567111,30.350558,湖北省,黄冈市,136.3,51.4,2,82.5,0,,2,29.2,2020-4-12 18:07
01bb01cfe39040b3a78f63305d2bb118,3d4f3fc38fdb46da86103e808cec989f,115.493522,31.113428,湖北省,黄冈市,134.5,52.8,2,83.2,1,3.1,3,6.3,2020-4-12 22:59
5e2ecccbff0b4f3d91cbf540e17f8218,bb2abcfc0891457f82ca569a51f69f69,115.567111,30.158891,湖北省,黄冈市,121.0,38.1,5,93.1,1,15.2,1,18.4,2020-4-12 12:24
e7eb0d9c744040728d7375d28793cf62,d7528823417e4754a5f0618f9df972dc,115.640701,29.966846,湖北省,黄冈市,88.7,39.4,4,53.2,1,8.3,2,7.1,2020-4-12 7:57
6ac75a9f49994f08a397cb3923cfeb85,5c7b95006c3a49978f209621d00f3806,117.701198,28.677022,江西省,上饶市,75.2,31.9,0,43.0,0,,1,5.8,2020-4-12 13:44
0fb4454e9cfe4a39a7153374cd1944d5,98d335d9a13b4e94850f2380b5d24144,117.554019,28.286885,江西省,上饶市,73.9,46.4,3,24.0,0,,3,19.7,2020-4-12 5:58
b395fecf507b41b48ef9e93dd4341b84,1fae1e41477846bf95f237c67c256589,116.59736,28.156516,江西省,抚州市,121.5,82.1,5,34.6,0,,3,24.9,2020-4-12 11:13
ef832fe9fdef4fd4ba56d6608198f336,16a5523b9f914fae8b013fa43282f0f8,112.329187,28.091272,湖南省,长沙市,114.7,49.5,5,60.3,0,,1,17.1,2020-4-12 10:27
0971cdf49d8245efaadddcc4ea67b87f,8b3444cc2fbe45b58b11def32b3a2d92,109.900744,29.452896,湖南省,张家界市,98.4,56.3,7,34.7,0,,2,23.0,2020-4-12 1:07
27f3742a457047058653eda3482727dc,8b46a62caa0e453fa12d72deb73d61d5,108.870495,30.350558,湖北省,恩施土家族苗族自治州,91.7,73.2,4,14.9,0,,3,14.5,2020-4-12 6:49
5aa2eb6969404b0b91e21910a0b97871,fcfc728f43984a2eb9f7b8c663e9d342,108.208193,31.239978,重庆市,重庆市,89.9,81.7,1,11.9,1,5.1,3,18.6,2020-4-12 2:29
b47154b03f214a24be0593c14eb2e064,a997538fc85c43078676b0d81288df3c,108.42896,31.176724,重庆市,重庆市,89.9,54.9,9,44.7,1,18.5,2,17.5,2020-4-12 16:39
d88ffe9c7d084dcdbae228bfb2d1b2c5,c05d681564b24e05822050e0249f0e22,105.70616,31.681555,四川省,广元市,72.4,05.0,3,83.1,1,19.1,1,20.0,2020-4-12 7:49
a84a38a1d0b641d9a20d487d6f4b6f9f,d0c1d1aa701a4aba8b5d40ef7041296f,108.134603,30.986707,重庆市,重庆市,88.0,27.5,6,54.9,0,,1,8.5,2020-4-12 0:36
b97982d4715e4cd6b3352cda543f8653,9a102c59725f4d059e9371f52e5eeec0,103.719252,26.314714,云南省,曲靖市,54.5,41.0,4,27.3,1,17.7,2,10.4,2020-4-12 20:03
de5683ee6041497b9bea2979d96703ca,d4b47f9e5e924403948a715fc87e75b6,103.719252,26.314714,云南省,曲靖市,91.8,40.5,3,48.2,0,,2,12.5,2020-4-12 14:54
367ee51c61224aeca025fa1a28c2e498,89de6c451f984203adf6d5a5f6ede74b,102.98336,31.492565,四川省,阿坝藏族羌族自治州,160.5,73.8,3,84.1,0,,4,25.6,2020-4-12 17:47
168c47c8830f4aaf9982b60f30fe718b,d2248c24739242389d04d7a87690b9b0,103.866431,32.931519,四川省,阿坝藏族羌族自治州,141.9,87.8,4,50.4,0,,2,15.5,2020-4-12 5:32
1e474bcc3ff54e388132483e5ce43cdb,2e05151dff0e453e90e1cb593db5e034,111.225349,31.995675,湖北省,襄阳市,137.2,85.2,5,47.7,1,0.6,2,18.2,2020-4-12 21:13
0b3d2dce0a1041dba7bf65715fd646d4,0d76da3fd4e24c68b8c1855ceb723623,109.532798,31.303189,重庆市,重庆市,110.6,12.3,9,95.0,1,5.6,3,27.5,2020-4-12 12:11
2f5cdcdef7114c00a8cc52d1da647757,e035e098e4264b9784833447cbb74928,104.160787,32.931519,四川省,绵阳市,144.5,58.8,6,80.3,1,0.2,1,16.6,2020-4-12 13:44
939e19f38bd14546b13866f34f827427,6b25fddd2b6b4cd4acfaa387be60293e,103.498485,33.4266,四川省,阿坝藏族羌族自治州,130.3,55.4,3,71.6,0,,2,22.1,2020-4-12 5:58
12e32adab6144869be1494d84921946e,d8b101873164424c9e01cc1c55837237,96.728279,36.158086,青海省,海西蒙古族藏族自治州,78.1,52.9,3,29.3,1,6.7,2,16.8,2020-4-12 11:13
bc882933c6c34dae85de8d615963b982,e78a636580ae47419e13f9113db47cc7,116.450182,42.221968,内蒙古自治区,锡林郭勒盟,66.8,55.4,4,08.5,1,0.7,2,14.3,2020-4-12 10:27
72149c945a5849c48c12450b32b1262a,e87a888148324a5c8938f884838dcfae,120.056052,43.252641,内蒙古自治区,赤峰市,74.2,53.5,2,22.6,1,3.8,1,20.1,2020-4-12 1:07
cbcdc99de9d74feb9a7b2b0030df0dc8,70eeef6c58204ccebc5a81a984885b21,122.190138,44.529852,内蒙古自治区,兴安盟,90.3,38.9,6,44.9,0,,3,27.3,2020-4-12 6:49
d4f613f0bad2458b95515ab2f598f3d2,764fdd1bd65a43bf9eacc5842d56e894,123.367565,44.477186,吉林省,松原市,192.2,90.2,3,99.0,0,,1,25.6,2020-4-12 2:29
a3237b93a3074e41a8d9dbe33e856c89,a56caa33bf1a479bba832b341fbde2a1,125.722419,45.882362,黑龙江省,绥化市,104.4,60.2,6,38.0,0,,2,10.2,2020-4-12 16:39
4304e6d1566548f099ef585fef988187,6a791a0a6d494375a392961937faf7dd,130.064181,45.882362,黑龙江省,牡丹江市,75.4,19.5,6,50.1,0,,1,3.2,2020-4-12 7:49
00f0ab39ed7747d090016599ef331766,7351bb7ed66b47cbbd7247693d75f244,125.133706,47.202523,黑龙江省,大庆市,72.9,71.6,2,04.3,1,4.7,2,15.3,2020-4-12 17:47
cfaa5ce10710490bb0f146812e33504e,c26ede864ea2483e99a6b4482b5b682c,123.956279,48.048261,黑龙江省,齐齐哈尔市,69.7,18.7,1,61.8,1,12.0,2,6.9,2020-4-12 5:32
5e4800cdeff646d29301ff8961c433ea,478fe6f9a6274b168789abeabeb70dd2,128.739576,47.998893,黑龙江省,伊春市,36.0,07.2,8,33.1,1,11.8,1,26.3,2020-4-12 21:13
da4b8d45fb904bb68d24bb36c5ff5c89,b429f93ca56c40f58e5d74d8e7df4508,129.328289,45.830941,黑龙江省,哈尔滨市,151.5,74.0,10,67.5,0,,1,27.5,2020-4-12 12:11
6d82d34f476244428725c608531f65a5,0e13e254b74f4e75a7e98850d28048a3,128.077273,43.037092,吉林省,延边朝鲜族自治州,96.0,34.5,8,61.3,1,8.1,1,6.4,2020-4-12 3:13
cc1c397dee3c40aa890dd352ca6af11c,10148d9bb7f54284b20b23646617ae4d,126.237544,41.617382,吉林省,通化市,111.0,20.3,4,98.9,1,12.4,4,6.4,2020-4-12 19:42
5f527b592f934767b6992287399b9008,dd4301d554094b32b1bd1c7bd9fa68d6,118.216322,36.87093,山东省,淄博市,34.6,06.7,2,25.8,0,,2,18.1,2020-4-12 8:33
f0d36d219e2c470b997073abfd68222c,c8abefbb9adf47659f09d04d19447358,116.818128,34.041465,安徽省,淮北市,72.8,16.2,4,52.9,0,,4,1.8,2020-4-12 3:55
4cb04d41818b4abea470afbe7d1f8041,6574998def844933b9368e3a6ddc2070,116.744538,32.869435,安徽省,淮南市,91.4,59.6,6,35.9,1,10.4,1,23.8,2020-4-12 17:16
dba568a0a80b4bf1aa723900e5527d53,d532ba38a6374bbf96c9abdb345e8517,115.861468,34.286162,河南省,商丘市,55.0,25.3,10,33.0,1,13.2,4,27.0,2020-4-12 19:21
0aeeccee0cdb4d1f863c6445bae58359,b91cc01012524cd78f9cd9327f12de96,112.329187,34.530142,河南省,洛阳市,75.6,79.0,2,01.8,1,7.6,1,15.4,2020-4-12 15:22
48f55b3131f443e28d9a5070a280d3e0,4111d041ee024fd7a57d293cc6c3ac50,112.329187,34.530142,河南省,洛阳市,75.4,52.8,0,36.8,1,14.3,4,12.2,2020-4-12 23:31
1b9e41326d67498c932a099f5e3bf07e,9ba96878ca2844e5ba1e28e4e9bd1f7d,112.255598,34.530142,河南省,洛阳市,140.6,68.8,2,86.9,1,17.3,1,26.8,2020-4-12 22:13
4550c5309b94476d93884c7ca58e2972,5f69a83e3a204ad4bb271b59b1977ae4,108.649728,33.549929,陕西省,商洛市,105.5,28.8,4,81.8,1,9.0,4,11.3,2020-4-12 8:33
124b01b806144d158833dead04648f0a,d7a76610df99453aa1f9430b1208b466,108.944085,33.055554,陕西省,安康市,110.4,29.5,4,76.9,0,,4,5.7,2020-4-12 3:55
9e6dcfa531c64311b741dd8bd68ef1d1,0014b177c2564752bf2d1b8079d31baf,109.017674,32.433624,陕西省,安康市,128.6,76.7,1,51.2,0,,1,3.9,2020-4-12 17:16
9734680e63964fa4a29f6897bb410513,e8296ef20a83420480a2da362a7310a1,109.238441,31.744465,重庆市,重庆市,87.2,16.2,6,72.7,1,7.7,4,22.6,2020-4-12 17:34
a814367d092b412e87a803267621e1b2,3acac93e4e594ddfba5bc857533b6604,109.238441,28.091272,贵州省,铜仁市,66.3,63.7,2,00.9,0,,1,27.3,2020-4-12 21:20
5333d52f77334c98a36851902eed34fe,77f1a1376fd94bc9b7ef6e7485a26a12,108.723317,25.315567,广西壮族自治区,柳州市,70.2,05.0,10,57.4,1,2.2,2,21.0,2020-4-12 16:37
ffa535c01d9d423883aa09ebd0bcf4aa,74113fadeff64e51b2cccc79f60108a2,110.415868,22.815589,广西壮族自治区,玉林市,109.0,34.4,3,87.9,1,16.1,1,29.1,2020-4-12 2:34
30aa4970ff0f41b2a8ec560fe4a13ad0,d9898160851b44bc8a713e47015623ae,109.459209,23.360269,广西壮族自治区,贵港市,96.4,69.6,4,22.5,0,,1,16.8,2020-4-12 6:16
72112e2d8f904ef1aa1b929c1cdb7740,12f30e8b70404916b7e05a8664192eb3,110.26869,23.360269,广西壮族自治区,贵港市,116.9,15.5,3,98.0,0,,2,0.4,2020-4-12 10:43
606bd5f9a4a54768b667935600d7da9e,de2b3c953fcb40c68bedfe666d35086e,113.580203,23.902697,广东省,清远市,138.7,94.9,4,40.4,1,0.6,2,19.7,2020-4-12 8:44
603d9d5d198f40b493e6b36088555cef,95dd0823bc374a7ea23833b1828e8ac8,113.138668,23.902697,广东省,清远市,30.4,31.6,4,08.5,1,14.1,2,12.7,2020-4-12 21:24
2d7e13da6dbd4bac853f6ad83339cea3,f93fb706bd8b4a5d8a57362c889ca2c1,113.212257,23.699553,广东省,清远市,72.4,22.8,0,49.2,0,,2,9.1,2020-4-12 6:03
4ec5540fb6e947ee8425e19e428c9a29,7a072cd51673431b9f562c90e5485071,110.563047,22.679072,广西壮族自治区,玉林市,71.5,03.3,2,66.1,0,,2,16.3,2020-4-12 22:04
ecb23df0bf594098bdd07106eab96ce7,a8a6f91fd16f42898603acb81fedb16b,113.727382,23.020106,广东省,东莞市,96.1,12.7,9,74.8,0,,3,20.4,2020-4-12 6:39
a8f503ee6cd2488981d11d9b2884912c,f84b6d37ef8a49c99078747d737d0056,113.800971,23.224309,广东省,广州市,173.3,84.6,4,85.0,0,,1,6.0,2020-4-12 8:17
9482a01d31c3450982868dd6ff756fc3,3cb963d6eefc4e8eaebf3bc6693ea40a,112.329187,24.980638,广东省,清远市,83.4,79.5,9,07.9,1,12.7,4,14.5,2020-4-12 4:42
ba82c44499534fd796b643849c1f02db,6631c5ed272c4b54a4d30672c5cc8358,114.75763,24.173054,广东省,河源市,135.2,72.4,8,71.6,1,16.4,1,6.0,2020-4-12 12:39
8bb9588728054699aa4b227578a7ad74,9a39ba7ba04f478480a14a6b72a17361,114.75763,24.308016,广东省,河源市,123.6,91.5,1,32.1,1,1.2,1,16.4,2020-4-12 19:28
a7a75dc24e644fbf99698f32a3807c69,5e0886c94ec3492d93093c6ebd89b194,112.549955,24.846407,广东省,清远市,122.7,45.2,4,82.1,1,8.2,1,29.2,2020-4-12 1:24
8a1e05cb0edc4f64a85e584eb9dacc64,f986f47fdc7d4840a743d8502bdb583e,114.536863,24.105519,广东省,河源市,75.7,54.3,3,18.4,0,,2,1.3,2020-4-12 11:21
3f62d23be8a246d5b13d773df5512b68,03e350314e974bd889d175c24a60a3a0,115.125576,24.510187,广东省,河源市,60.8,11.3,9,59.4,1,18.5,2,26.4,2020-4-12 15:39
66e533f02fec478abcde960ce83c36bd,d625853dc3f744c283a87c75e923ffe4,115.272755,24.913541,江西省,赣州市,124.1,85.4,9,30.1,0,,2,18.3,2020-4-12 17:29
9ebd17a2d17a41d681fdd14c0fddf093,2450db28923b4da78230a41c0acfa148,115.935057,25.516076,江西省,赣州市,114.0,14.4,5,94.3,0,,2,17.1,2020-4-12 6:26
df259c20e58d426396503dc6fa7ee888,5a3a0bc121fa4261820758d7abd04108,116.891717,25.916079,福建省,三明市,103.8,41.1,9,65.3,1,11.5,1,29.4,2020-4-12 3:12
7259565a3d224ab59c633f458bc7af5b,22e68ebfd0834c37a1206750efff6105,118.3635,26.04911,福建省,三明市,65.8,71.5,7,04.2,1,17.3,1,17.8,2020-4-12 16:37
638a238235a84e1cbb0e980d368b671a,da75ceb196924463bdc4582d8a41fb8d,119.467338,26.976029,福建省,宁德市,144.1,70.4,3,71.0,0,,1,15.2,2020-4-12 2:34
7105b40a6f054dd49ab39929f5e2e0c8,d4063e84dd4e4c879ede924822b5c5a5,119.467338,27.107826,福建省,宁德市,113.8,10.6,5,98.2,0,,1,15.9,2020-4-12 6:16
6c3fa6df8dba48a7ba221c7f87aac195,a76bb53262a14a7a8ace3093b55fc0ee,119.246571,28.286885,浙江省,丽水市,131.2,62.8,1,67.2,0,,4,23.7,2020-4-12 10:43
92cc7f4f120646939df51d3f39b1403f,36a815138dde4fcdaa568a281667b0ac,119.099392,28.871543,浙江省,衢州市,85.1,05.0,9,77.3,1,6.6,3,26.4,2020-4-12 8:44
4a15b98fdd5947888205159998e3abe8,741ad6d91d16407d80e1f182fc593c0e,119.246571,29.130332,浙江省,衢州市,170.3,82.6,2,93.8,1,8.2,2,0.4,2020-4-12 21:24
d4c1118418124064be4bd75dd9a22e4f,6a1c722673fd4217839e18aed0d37ba7,120.497587,29.774426,浙江省,绍兴市,89.0,95.8,2,07.5,1,15.8,1,16.8,2020-4-12 6:03
342da30178f24ee881d68a2d60b69371,58c3ad59b22b4981b71bef07681a21a8,120.791944,30.414363,浙江省,嘉兴市,83.5,56.1,1,26.1,0,,1,5.7,2020-4-12 22:04
e0043b44ca8e444ab1ee441c1b330a97,40247bb2259044afa34e3339e3a325bc,120.939122,30.605525,浙江省,嘉兴市,86.5,45.2,6,44.5,1,9.6,2,23.3,2020-4-12 6:39
5d4fc8e5a1c54cf4808f6c50922c0d1c,9b7c1c9cba554021a6e6cdd1169fbea7,121.15989,30.859816,上海市,上海市,20.9,09.3,5,11.0,1,4.5,3,5.5,2020-4-12 8:17
ed63d197254c4846a9c24d9e8ac2d56c,ce58cd82d8e44a2c90e5e9748ba98d55,119.982463,31.870157,江苏省,常州市,91.8,49.1,9,33.4,0,,1,4.0,2020-4-12 4:42
7d4a512b410a4242a0242974c83938f1,307f1959add845bfb303e61d53ed5398,120.644765,30.541846,浙江省,嘉兴市,107.4,58.1,10,39.5,0,,3,22.7,2020-4-12 12:39
9770d2664043432c892210f3a4d59076,3ee0eec828a84b309942bb2cfad3356d,121.748603,31.050089,上海市,上海市,112.4,49.4,6,56.9,0,,1,29.7,2020-4-12 19:28
8f3f7992fdc9408087cad2ef9e915529,d9cb9c9145dc4c1583db9a7cc0ca3a18,121.601425,31.618601,上海市,上海市,119.4,72.6,1,53.1,1,6.9,1,11.9,2020-4-12 1:24
33109010aa1e4815809c4f0e28f80f67,cbd48099fd4b467d8149f034eedd684c,121.601425,31.618601,上海市,上海市,57.4,47.3,1,08.6,0,,2,22.0,2020-4-12 11:21
8d7221af510943f58d53909ad52ab8c6,f097a377d325404396f59ef307f3b008,121.0863,31.303189,江苏省,苏州市,99.2,03.3,9,86.4,0,,2,25.7,2020-4-12 15:39
de24755a752744f2a7edc65aa268d981,383b3ec4c91341c0bea2bd5662e212d8,120.865533,30.541846,浙江省,嘉兴市,21.6,16.3,9,04.4,1,8.0,1,10.0,2020-4-12 17:29
f177a94133f3461aa3b8bb21e79760c4,231d763b42574489a315f0570880d4e8,121.380657,31.176724,上海市,上海市,115.3,55.8,4,75.2,1,19.9,1,7.8,2020-4-12 6:26
90ffdb5d8b684923b191db3c38ec7cc6,5211c2a64295442a9c03f9e27258235f,121.596825,31.232074,上海市,上海市,170.3,73.3,2,95.5,0,,1,16.6,2020-4-12 3:12
2302b75f350c4776b3c8f9974135faf5,e095f639da3047bebf950dbf8e0b7910,121.596825,31.232074,上海市,上海市,142.2,67.9,9,85.4,1,19.9,4,15.3,2020-4-12 3:01
4b28aa5c35894d10877716133243d257,ef6f03c18b884e64ad1353cdf748ed7a,121.394455,31.334779,上海市,上海市,173.7,93.3,4,76.3,0,,1,26.5,2020-4-12 9:05
b88db4f755d7407aa193c33da299d3d3,9ce821c59b1b4d49b66155b187c7f7dd,121.514038,31.109471,上海市,上海市,124.0,43.4,3,88.7,1,10.8,1,8.1,2020-4-12 4:06
0daf4c0d69b5408b8425ea7c65b8cdae,5a5793e5cda04a58b9ee1ac9099cf2f0,121.619822,31.097597,上海市,上海市,69.8,57.1,5,26.8,1,19.6,2,26.3,2020-4-12 9:56
4f4b18964d2e4b71b93b33bb1bbf8f43,14e42b311e344a5d9f17082ecb3087ba,121.380657,31.21231,上海市,上海市,59.8,00.4,9,50.5,0,,1,13.3,2020-4-12 20:07
8545633b94c84a3fa841533230ad9263,1a960c4334074df7abca1fb62a18b5b4,121.445048,31.073846,上海市,上海市,140.6,35.0,9,96.4,0,,1,5.5,2020-4-12 10:58
2429f13d165d45e68aa0a9a0f916febe,3be37b4c1366451183bbdfaa27fd01d9,121.619822,31.141125,上海市,上海市,32.3,16.6,8,11.6,1,4.1,4,24.9,2020-4-12 22:17
748fb06c15d44db0896d6672c8d3bd4f,f17b83a2bea64ab6806857ab8a0f92e4,121.619822,31.208357,上海市,上海市,127.8,67.3,3,58.0,0,,2,6.2,2020-4-12 18:25
0225f4b219f24f83bc90ca64d5a9f059,d46703fd11e049f8af8433be8fc76dbb,121.560031,31.338727,上海市,上海市,161.9,99.0,2,61.1,0,,2,29.4,2020-4-12 17:16
13a8d6ea9d5c4f18a8e31597e5dbc103,285cc7ac5e454a7e84e4668c59d275b4,121.546233,31.073846,上海市,上海市,76.7,53.6,7,16.3,0,,1,26.8,2020-4-12 8:21
dbdc2479e5c549c49a136323ec06c32b,295275de33564b48ba440950545f12e9,121.647418,31.117385,上海市,上海市,125.8,52.9,7,66.0,0,,2,0.8,2020-4-12 11:57
9941efc230c8466b93ad94705786dfd8,337654b42e324f8ea1e069a9a8fc2f1c,121.546233,31.085722,上海市,上海市,72.2,22.0,4,45.9,0,,2,23.6,2020-4-12 8:29
66c69d85b14f423a93a8a8199d7842fc,7605dc781a9b4e859b586996c3bcbfd2,121.546233,31.093639,上海市,上海市,117.1,77.7,4,50.9,1,15.7,1,3.5,2020-4-12 18:34
9d1edd90263a402a92f5594880aec738,c7a62ccc353e4f8f91b05d37adcd5694,121.454246,31.196496,上海市,上海市,161.7,69.9,4,94.9,1,6.9,4,5.5,2020-4-12 13:23
9338414bb06e439e9967d82f26fc79ca,a76ed30187db4de18b6bc9e37f923758,121.339263,31.204403,上海市,上海市,71.0,06.6,6,75.9,1,18.0,1,3.1,2020-4-12 23:11
6416437ab56e48ea93408fead75f004b,8c8fe39d98ed49ea88b1942afb13ae9c,121.279472,31.093639,上海市,上海市,31.5,35.6,8,04.3,1,16.5,1,15.6,2020-4-12 22:20
4faf1bc648284aacbf6f673c9ca77ed2,cbe52dde72b24ad7920332dd6a6e331d,121.449647,31.405816,上海市,上海市,187.1,86.6,8,96.5,1,4.3,1,1.7,2020-4-12 13:09
a99e94ebfadc4edda867136655144dc2,a4d2973784114c6bb2601b89aff7b6df,108.576139,22.679072,广西壮族自治区,南宁市,80.0,23.2,9,47.4,0,,4,2.1,2020-4-12 2:44
c9b8549c13ad4d4cae37dee06fda107c,92459ac00df145bcb0d0df09249331ea,121.785398,31.038208,上海市,上海市,57.4,18.1,4,35.0,0,,2,16.8,2020-4-12 20:14
24e713a174184bdfb1ff0166b1293794,d333094d08cb4aa5bb3a6f8899eff330,108.502549,22.131633,广西壮族自治区,钦州市,173.5,99.5,9,81.4,1,16.5,3,24.0,2020-4-12 3:21
8758153a80e34833bb4bf4813365970d,76c6d3de56464289a3d1fdce1fcc3934,121.550832,31.042169,上海市,上海市,168.1,94.4,1,72.9,0,,2,10.6,2020-4-12 19:45
4a3ac9ad4ae649449ece6167d6ce96aa,01c049df46274beaa4688240ea6b2c59,112.255598,21.925784,广东省,阳江市,104.6,57.8,7,40.3,0,,2,8.8,2020-4-12 0:36
7a5c1c7060cc4a0791a890902fae2467,1a87b8a6a7cd4e5395c1f786ea8092b4,121.380657,31.073846,上海市,上海市,97.3,40.6,7,51.8,1,2.1,1,28.0,2020-4-12 1:30
e3872b20ed0f40a8a55d76046d54009c,668f4cfb16f3449a928ecae9334b8000,121.072502,31.29134,江苏省,苏州市,166.6,83.6,1,85.6,1,3.7,4,14.1,2020-4-12 7:13
b216f023ce5e4ad5ba7ffb12a8fef58e,36ff8c8790b84c6bbe6adf73087e46f3,120.985115,31.433427,江苏省,苏州市,106.8,30.8,3,77.5,1,4.0,1,21.0,2020-4-12 5:01
eb37bd71a551491cbaf97cc0e12a88c5,a6138955d9454cda963e171dc65524ed,120.95292,31.488624,江苏省,苏州市,73.3,46.3,6,29.3,1,8.0,2,8.1,2020-4-12 2:35
b8e8828642cc4d0d988a93a5ef08480b,3e223763222d4853b33234d5190760cf,120.198631,31.184634,江苏省,苏州市,78.3,12.4,2,78.5,1,14.5,1,28.8,2020-4-12 4:26
f11b519d5f9848719c84c35348d631e9,cadd2e2d341e4a89a4d52a5ef20153fd,120.051452,31.208357,江苏省,苏州市,49.9,29.5,8,31.3,1,19.2,1,17.7,2020-4-12 22:34
55bfb852a3fb4a3a81d6ecac824b6521,fb8e52e7997e4b6d914662c97886a4de,119.991661,31.224169,江苏省,苏州市,29.0,15.5,5,15.9,1,7.5,1,9.3,2020-4-12 18:38
7caaa095bb8d4eceb35bba4f5196c3f5,b49353d8250c443190c4993bc9ccb547,120.690759,31.51227,江苏省,苏州市,118.1,86.7,7,40.9,1,16.6,4,8.0,2020-4-12 19:23
665da735cdad4c70ac9786c526c9d71c,535aa8d011a44772863d613824352d26,120.704557,31.53197,江苏省,苏州市,61.7,01.2,6,54.2,0,,2,14.7,2020-4-12 18:18
7cf1e51ef9444e85b6898bb9779d8f49,b3e6e4de9d4e4e0a9e2dbc46fbf6ed16,120.778146,31.630409,江苏省,苏州市,64.8,04.8,6,54.0,0,,2,10.9,2020-4-12 0:13
61ead64e437049eb80e21e881bd36273,4c89f232449343de8526389cda7c185f,120.801142,31.654018,江苏省,苏州市,164.8,65.8,2,96.6,0,,1,3.7,2020-4-12 6:40
5e5b53ae37084ef995657a5972526c92,a522b25591a04457940d053ac7e81d7e,120.851735,31.713016,江苏省,苏州市,119.4,73.3,0,46.0,0,,4,20.1,2020-4-12 1:25
ae89936998e441299df29086dcbdb0e8,48ef1906b8c745afa6451b39d3779dbb,120.865533,31.736604,江苏省,苏州市,67.0,74.8,1,01.4,1,10.1,4,17.7,2020-4-12 10:31
85fd3ddf99f74c03862f79fa0c2402dc,85dc78a4414147648046d860d8753f25,120.488388,31.799477,江苏省,无锡市,29.7,02.5,4,22.8,0,,2,20.3,2020-4-12 21:54
5522b65fce7748f39f5097b78ad741f6,73857cacdaaa4e25a4c2acaa0dfc41e4,120.902327,31.52803,江苏省,苏州市,142.4,44.1,1,97.5,0,,2,11.6,2020-4-12 14:03
b0d6b028082a4d05b79e49a0352473f0,3ad564761bf54953b7162251ee7d60a9,120.985115,31.53197,江苏省,苏州市,105.5,14.4,3,91.8,1,3.4,1,15.8,2020-4-12 7:11
555bc8b71a9644d2a084cd0f425af66c,9eb4c5e6a2b54d7e946f2c00a6a4fa36,120.736752,31.342674,江苏省,苏州市,126.6,51.2,1,74.3,0,,1,15.0,2020-4-12 7:48
54478f54f07c4494977d176889c3a56c,0e168e97dafa48b3859a29f47b74f66e,120.589573,31.429483,江苏省,苏州市,71.2,55.3,8,13.7,1,5.9,1,26.8,2020-4-12 7:57
415f0b27e3024942a9bd815f80ea4c3f,f7b86f8e71784c2f9582220e3ae78d7b,120.801142,31.539849,江苏省,苏州市,92.1,39.0,3,55.4,1,5.2,2,11.5,2020-4-12 13:44
bb413bdce2924eda8b79103c65b77776,0bd52f325b38455a99324d87e5baa2d6,120.870132,31.551666,江苏省,苏州市,92.0,58.3,2,52.0,1,19.8,1,5.7,2020-4-12 5:58
70ea4da7aab341bab126872994ac327c,9570133bfb19491ca92c2945acecaf6f,120.502186,31.484682,江苏省,无锡市,104.0,07.2,8,88.8,0,,1,3.1,2020-4-12 11:13
c8224aa605984edcae85e4340a3d520e,2ce41a1f0ac948f3aee3075e66b3f624,120.515984,31.496507,江苏省,无锡市,52.9,11.3,5,48.6,1,12.5,1,22.0,2020-4-12 10:27
2f45c03f87ef40cd92aa62533388ed0c,9e90cc2642714bb1ac0d2ac22575bb0d,120.966718,31.53197,江苏省,苏州市,152.2,80.4,0,71.7,0,,1,23.9,2020-4-12 1:07
36ee0da3c2f442d08ac6f63a1b40e774,a06e93c5459640d89db6aa88cd2352ea,120.975917,31.441314,江苏省,苏州市,90.3,76.4,5,28.5,1,19.6,1,26.8,2020-4-12 6:49
8ed1ad41a9d54ed19bae2d3d4304f59c,f2b75621ac77415aa12bfaf8fcb5c4ee,120.842536,31.247882,江苏省,苏州市,198.1,97.7,8,95.8,1,3.8,1,17.9,2020-4-12 2:29
f6f5a0ea274c40a0840357aedb6ca432,c716027066304d098d071bcc2aa50143,120.911526,31.350569,江苏省,苏州市,42.7,29.6,4,25.5,1,15.9,1,20.5,2020-4-12 16:39
c28496fdff484882808d976aa171386c,449be421580b49fb9d51e8e1636bb67a,120.27222,28.895832,浙江省,丽水市,107.0,55.4,5,47.0,0,,1,2.8,2020-4-12 7:49
275dc068ad964890bcd6c146a0795a3f,2f21cf4ebf0240e3a05b6f05ebb3f483,120.27222,28.895832,浙江省,丽水市,76.1,15.9,0,72.7,1,12.9,2,29.5,2020-4-12 0:36
7a64ba56b6394acca3f8405244a78039,fbd5d9c16df4430facaca63f16add635,119.536328,29.106099,浙江省,金华市,105.2,13.6,8,89.8,1,5.8,4,9.7,2020-4-12 20:03
cfc93be5c4c444caa491bc52382613e6,20e7dcf9c8cf410084ce41d558ba8398,119.858281,28.652681,浙江省,丽水市,105.8,72.7,6,27.1,0,,2,11.2,2020-4-12 14:54
ac00ddd4ca314e9ba2d1d7146352451f,ff7a72eaf40e4c5e993e6171becfc453,119.471938,26.629322,福建省,福州市,130.5,54.6,1,86.7,1,11.9,2,9.1,2020-4-12 17:47
fb119e1cfd3349c6983bd665a6b4d004,9f8d5d0349ea4feb95d90e16d069d617,118.901621,26.206886,福建省,福州市,88.9,85.8,2,13.9,1,12.7,1,19.8,2020-4-12 5:32
4454dc6108d84ca0976dc308ab6cf53a,0484a0d4629a447daa72b995b27f9776,118.699251,26.123873,福建省,福州市,23.8,34.8,2,00.9,1,14.0,1,15.1,2020-4-12 21:13
dbdc15b1100b4c2a8a2f43338e5fb15d,282178072ba64f12bac1592f2331c51f,116.693946,25.474331,福建省,龙岩市,53.8,46.8,3,04.4,0,,2,19.3,2020-4-12 12:11
a4eb52c6a9814057b22629b3449e1fe1,131dd9c4569e467c9c600ebc67c6285b,118.046147,25.866153,福建省,三明市,145.7,76.9,7,61.5,0,,4,24.4,2020-4-12 3:13
4af0988a4e9642be8fb29dfd7907d28e,39410b44cd874a9b9ec8558efed11f09,118.561271,26.68718,福建省,南平市,88.3,63.1,9,32.3,1,16.4,1,2.7,2020-4-12 19:42
23054011ebf04158951f9dba89c6f743,9be10d809ad94a188e3926da3803a4e9,118.377298,27.223019,福建省,南平市,88.1,31.6,2,62.9,1,8.3,1,0.2,2020-4-12 8:33
eb811d137aa34fbf87ad71a89fcdf8c8,eaadd64ec35f4f6fb8b3ebc0cebe1911,119.177581,27.772631,浙江省,丽水市,81.8,35.5,6,40.2,0,,3,28.6,2020-4-12 3:55
533deb7aba474670bbcbf7c7345a0ae2,d632c5c1435c4a4294ab704c5e636431,119.637513,27.887124,浙江省,丽水市,167.4,72.5,2,92.4,0,,1,8.0,2020-4-12 17:16
b960cf42a06d45b887b653afce72a136,acdf7c79271c471382854cb13326dbe7,118.598066,27.715339,福建省,南平市,89.2,24.1,7,57.9,0,,2,29.8,2020-4-12 19:21
2cbed4a46bba491cbe498b4f97dc706b,61746dcad25a4c7391e08f3a9916454e,118.450888,27.674398,福建省,南平市,115.7,98.8,1,16.1,0,,1,12.1,2020-4-12 15:22
ef465d48b37b48f5bc018a0da8a86e18,87a4507096cc450690221f722bc9d72d,114.909408,26.934811,江西省,吉安市,68.1,06.9,6,63.0,1,7.7,1,17.2,2020-4-12 23:31
f0cdef6ac34e4a2f94c014104945c93a,127187d18be34d4b91d1216fb6594733,114.955401,26.024178,江西省,赣州市,95.1,71.3,9,19.6,1,4.6,1,20.9,2020-4-12 22:13
2b57447f8a344cffa2d8c5d50e150321,d70b78447afd4bbb9a0b2be125453821,112.747726,27.90347,湖南省,湘潭市,54.3,10.5,9,51.4,1,16.3,1,29.5,2020-4-12 18:07
62e6cabd40a341fda5add24a649b5e94,3c6e340c9cba4bdd8338bfcaa6574452,112.747726,27.90347,湖南省,湘潭市,184.6,95.3,9,86.3,1,6.3,1,17.4,2020-4-12 22:59
d386ee45d0564a55b1803b452444a07a,f4a4256aa7524563a8e24a64e0d45d0f,109.436212,26.256666,贵州省,黔东南苗族侗族自治州,169.9,74.2,9,86.9,0,,4,17.1,2020-4-12 12:24
3114db0c14d94bc9a98a45398a5f2c3d,0f235ccc41144c8caae739c6f823da1c,104.726504,23.028621,云南省,文山壮族苗族自治州,82.0,77.0,4,00.7,0,,2,15.6,2020-4-12 7:57
e915d96645864d869c3ebfa025ff364f,4461e2947fdb48b1b0d7ba8b792cb07b,103.990612,24.316446,云南省,文山壮族苗族自治州,88.9,30.3,6,52.8,0,,2,5.7,2020-4-12 13:44
b9232d4dad0b48d69f0e84bd6638b683,9c46f37004be4f5f98e2f9bcff15183e,101.562169,24.854801,云南省,楚雄彝族自治州,43.4,12.8,10,20.6,0,,3,23.0,2020-4-12 5:58
a76092bee669430486757fa672a46e45,b5fd48c61a8840589db950cdaabd878b,101.047045,26.190288,云南省,楚雄彝族自治州,66.7,48.7,1,17.1,0,,2,3.5,2020-4-12 11:13
3567e60a60cd4d4ab7c167ee2ba4f77d,554e100310eb40ef89fcaf2932aa6357,101.047045,26.256666,云南省,楚雄彝族自治州,128.0,93.5,5,29.0,0,,2,17.0,2020-4-12 10:27
0fa7ce484ff94a3481b6524dbc41851d,65e4f6bf922c443ab249a87ef59bbd97,101.120634,29.332055,四川省,甘孜藏族自治州,129.8,27.8,4,97.6,0,,2,5.1,2020-4-12 1:07
bbcd576cdd7743eb9884f7c59d238aef,eacdbb132a554df39eb8ca970a4af490,101.120634,29.718233,四川省,甘孜藏族自治州,119.7,48.7,5,84.8,1,18.8,1,21.4,2020-4-12 6:49
a3b9110088854c1bb7bef8792657a196,93d89cfc77424a999aded08fa94c1c3d,98.324245,31.752326,西藏自治区,昌都地区,105.3,65.9,4,35.9,0,,4,2.4,2020-4-12 2:29
4be710a87aff4b94afe928c58b44c64f,ec0652ca4a9942f38b895dea82b3190f,98.986548,32.690701,四川省,甘孜藏族自治州,72.7,56.1,3,13.6,0,,4,0.3,2020-4-12 16:39
7af8a3ee08b74543b5ad401263ed57b0,42fdd3dbe4a84ea0b46b14125d0de9a5,102.003704,32.690701,四川省,阿坝藏族羌族自治州,64.8,05.5,7,52.7,0,,1,22.1,2020-4-12 7:49
c92e449cd2084dea8e5b5dc3fd327d9d,49b1ad05d326482db64924a38f1b7170,111.349531,33.619223,河南省,南阳市,176.8,90.3,9,77.7,0,,1,12.0,2020-4-12 0:36
ad7ba0963f88410cadb99599027a0a87,5ff161ab711641829fe25dee2d3df7c8,111.496709,33.557631,河南省,南阳市,97.0,70.3,5,22.2,0,,2,0.4,2020-4-12 20:03
10e0afed7b8e4ef98c6cd27fb3c70143,e6f719dce371486c82b4cbfab5e8ec31,100.384742,34.962949,青海省,海南藏族自治州,141.3,80.9,8,52.5,1,0.3,2,9.7,2020-4-12 14:54
72b0ef0ec21246d3b2543e4248a7b504,84f42ce3ce0140698848f2da1d052bad,98.986548,35.50637,青海省,果洛藏族自治州,81.9,79.5,4,08.2,1,9.6,2,27.8,2020-4-12 17:47
b23d804b4f25482eab5b1ebed6f459d7,7fe99c328ccc4188bea3fe4b6f9f71de,102.003704,35.80668,青海省,黄南藏族自治州,54.8,36.9,7,26.2,1,15.6,3,1.8,2020-4-12 5:32
78b90560804a4340a8723059d1272cf3,9cae1da87d274fdc96e0f2022907d7d2,106.345466,35.80668,宁夏回族自治区,固原市,110.7,22.1,4,84.2,0,,4,9.6,2020-4-12 21:13
6b37f3ef13164c45bb04a4af3120b244,a2c9ff2ee3944aecb0ad321b7453d175,110.760818,36.700748,山西省,临汾市,136.5,73.2,8,55.1,0,,1,27.8,2020-4-12 12:11
a7053c9cef6f4c1bb57eace4eed537b9,a3a475363d4040c2ab1dbbaada3232a6,110.760818,36.700748,山西省,临汾市,81.3,54.7,10,16.9,0,,1,17.4,2020-4-12 3:13
5183b9e21fa342138e49b5be0920df15,dfbe12a0606740138f360822d01370b6,106.271877,37.232218,宁夏回族自治区,吴忠市,76.0,31.4,8,37.4,1,1.2,1,29.0,2020-4-12 19:42
629560becc8d4359bd6d6855b7f7ed25,c5e5bd4c5ea648149dc5104634b8c178,116.647953,39.320407,河北省,廊坊市,137.3,39.0,9,96.0,1,6.3,4,5.5,2020-4-12 8:33
b446535183e64226beaf84350a88b1f6,f764826fb64940199d939a4f2ca5a1fb,106.271877,37.232218,宁夏回族自治区,吴忠市,54.2,26.9,6,31.1,1,9.3,1,18.7,2020-4-12 3:55
ad227ecbc1b54de7a4433ad5324fb377,9afbe20f771e4360b794ca3aacbce5b6,108.332374,35.80668,甘肃省,庆阳市,132.5,85.8,1,47.9,1,2.6,2,4.1,2020-4-12 17:16
eb9ac8aed9e0488f9fea0a195050b137,b0b68f955dbd4ba09a6c7bff8e644a5d,105.462396,36.046107,宁夏回族自治区,固原市,29.7,19.4,3,08.1,1,0.8,1,20.4,2020-4-12 19:21
6f98b2f5c73b4ea1b6885cd45a504005,ec71987022b24e9c9f0339cdafc295a5,100.531921,36.46334,青海省,海南藏族自治州,183.1,95.6,8,96.4,1,16.6,1,22.8,2020-4-12 15:22
11c58d90876c44de946c95e98bc1b1d8,484f50f0e7c74bd2903d4061564c41f0,98.177067,33.865147,四川省,甘孜藏族自治州,22.4,27.0,9,00.6,1,14.3,3,17.5,2020-4-12 23:31
2e1a65debbe04e0b8fef2eaca4e6a189,f4e11799b5804f67a98cef766fd3ccb4,110.319282,37.232218,陕西省,榆林市,103.5,23.4,5,91.8,1,16.5,1,25.2,2020-4-12 22:13
a407438e7fe34c00b026a254c697d678,412e7c97a8a742d98752d6a0af5f5d8f,97.588353,34.720251,青海省,果洛藏族自治州,99.2,52.8,1,62.7,1,16.9,1,22.9,2020-4-12 8:33
94519c0bca3c4801b8217cf78d5956b1,fd0c586475da4a64bf300fe411b5ed33,108.479553,39.263222,内蒙古自治区,鄂尔多斯市,105.0,84.1,5,32.7,1,16.6,2,23.7,2020-4-12 3:55
9d2d2b36b6d94604bec836392ec7c40c,ee5299fee4ca41f3a686a309130644d2,112.085423,40.228958,内蒙古自治区,呼和浩特市,132.8,52.2,3,77.2,0,,1,19.8,2020-4-12 17:16
d7ea6078c90345d59453940b4f11e6d4,a7bdd3bf86d644c68c6922fb2717e67b,111.938245,38.109654,山西省,太原市,87.9,01.7,4,99.0,1,16.9,3,14.9,2020-4-12 19:21
aab0fa2d70154f108c3fc36a162addf5,691c418627094f81ae7e10c655dd7760,112.674136,40.958234,内蒙古自治区,乌兰察布市,112.0,64.5,9,49.2,1,10.2,4,23.6,2020-4-12 15:22
909846a08396474ba787bfc50e8b0cca,f425b7f62d764f0aa10f3f771df5c93e,115.617704,29.718233,江西省,九江市,71.4,83.7,2,05.4,1,19.7,1,17.2,2020-4-12 23:31
732e27bddca54dc5b2d05b627fea22db,7bb26bfeb5304d34b4269732e9eafcdf,117.457434,30.23081,安徽省,池州市,175.8,98.2,6,72.1,0,,2,19.2,2020-4-12 22:13
2a2d96c61758413fbdb984727f0370b4,b07aabffe56d42809b054fbaeb61cab2,117.75179,30.102916,安徽省,黄山市,103.9,58.7,8,50.5,1,13.0,4,27.9,2020-4-12 18:07
5a28a19f608c4fffa549ce07a13b2daa,2299851fde1740d7bcc12ec13e9c626b,119.297163,30.486093,安徽省,宣城市,152.7,76.8,4,80.1,1,8.5,3,7.0,2020-4-12 22:59
e9f68025076b4c0c8bc95c6c7764d65e,60da629996ba47ad8f18a0f5c540929b,121.725606,30.358536,浙江省,舟山市,83.7,57.6,3,22.8,0,,3,18.2,2020-4-12 12:24
e89dfe3d715646ec925544fb7b818b42,dad9b7805a5545feab57524cfe1d8b82,121.578428,29.846628,浙江省,宁波市,86.8,14.3,3,79.1,1,9.7,4,9.6,2020-4-12 7:57
89c8693e52d14b8eadd5476b939905a8,f25f025276d042b280c26fa5144d6a4c,119.812288,29.910763,浙江省,杭州市,119.9,56.1,3,66.7,1,5.8,2,16.5,2020-4-12 13:44
ada8b84f4e0e4acf8884fcbbf9c7b273,8bc41a4440bb4085883a0e7d6a4d4a94,121.357661,29.202999,浙江省,宁波市,77.9,15.5,8,54.3,0,,1,4.1,2020-4-12 5:58
b6abe24be2ea45c8bf2758315e8d7ccb,6556467f6db3423093280aba8971f16e,119.812288,29.910763,浙江省,杭州市,135.3,55.4,7,73.0,0,,1,9.8,2020-4-12 11:13
9da35e6613204118b3d68b2fcdb0f840,81e37f467b8148f2a492d1f56f469e8f,120.842536,30.038907,浙江省,绍兴市,82.9,11.7,7,74.8,1,10.5,2,15.1,2020-4-12 10:27
f473e417a0ed402e9c15bf06260c0ba4,3b9762ead5644cb19a9aa58455465168,120.548179,29.653974,浙江省,绍兴市,101.7,41.6,7,59.0,1,5.9,4,13.2,2020-4-12 1:07
e3d3aaa4948e476fb48975f8979f729a,53014f5ccc9e468bbf3cc1a1cf0b220a,120.47459,29.073778,浙江省,金华市,145.9,96.5,4,45.6,0,,2,20.7,2020-4-12 6:49
42728c55ede042e192ccda25a833a862,96cae4ca837e4c7f88556119b6c78212,120.253823,30.358536,浙江省,杭州市,57.8,42.4,2,13.6,0,,2,9.1,2020-4-12 2:29
c86e370aa27046cc8ff74ec7a577b0a7,a2f57e5e936b45e597850fb81a4b446f,121.799196,30.358536,浙江省,舟山市,67.5,10.7,2,61.4,1,6.2,1,13.1,2020-4-12 16:39
d11cb35a97ff44daaffea4d51d523b32,01797e9e8da344f09f28bb2e6dcc8e54,120.47459,29.138409,浙江省,金华市,40.3,13.4,6,21.1,0,,2,2.6,2020-4-12 7:49
64163193beff4802a67a303ab01c39a2,51c66190e54843f9be59bab61af35bfa,120.327412,30.294694,浙江省,杭州市,118.1,51.0,9,58.4,0,,2,22.7,2020-4-12 17:47
000c1fa006434d88bbba31368306dc01,5abe21e137034fddb68b4d4f9ae9d409,118.340504,31.184634,安徽省,芜湖市,156.4,72.2,9,94.7,1,20.0,4,2.1,2020-4-12 5:32
df4be339800e47ecb3d9710f77c029ef,ff3af858026f436ca084f4f97460cd0c,111.496709,31.878007,湖北省,襄阳市,130.8,38.2,3,90.0,0,,1,13.4,2020-4-12 21:13
ed326f2ac9a94974adc2e46c6cf30876,161fd336330442cabb80a3a51d9c6f20,109.951337,31.815188,湖北省,十堰市,97.6,39.7,5,61.0,1,8.0,1,4.6,2020-4-12 12:11
917f1d77a8384b858a166bdde79aaae8,7277bdf997cf43e090e14a714df18da2,107.081358,32.191451,四川省,巴中市,125.5,54.6,9,62.8,1,0.5,4,11.6,2020-4-12 3:13
ea07c7bf4bcf4f339580db1b0974c13a,95b7c6ce3b0a415893f5ae7773c86605,103.769845,30.613482,四川省,成都市,84.9,41.0,5,39.3,0,,4,7.2,2020-4-12 19:42
4a603a260cf84bb28e56d26baf9cddd4,c9fad7b0e17f410693b3787342a0e56b,102.37165,34.110358,甘肃省,甘南藏族自治州,114.0,56.3,10,48.1,0,,4,5.3,2020-4-12 8:33
6c4799300cab435eb6f1ddc8ccefd607,90a66b2259ff47b99564e661f22d6521,110.981585,37.467223,山西省,吕梁市,24.6,14.0,2,12.8,1,4.7,1,11.3,2020-4-12 3:55
03c0b3d1cb7b490d869f68808c67ebad,c0c6976f86cf411fa36dee3bf5f92786,113.704385,38.225854,河北省,石家庄市,169.4,88.0,2,92.8,1,13.4,2,29.2,2020-4-12 17:16
cb78cfdafad5441d861b0f3738192ec4,1c7052c6836448019f1996ebeab81eb8,115.176169,36.46334,河北省,邯郸市,79.0,15.9,6,57.2,0,,3,9.7,2020-4-12 19:21
8367bc883eb1460a935f7abbe08058b0,d2577af5a3784b81aabb783edb0d758e,113.336439,34.476833,河南省,郑州市,65.0,53.8,9,02.6,0,,2,26.2,2020-4-12 15:22
81b4c78984b84421a8a6d2701fb0a46f,c66b58db9de94b0bbd187e991e3d7aab,117.531023,38.341866,河北省,沧州市,77.9,61.6,10,06.7,0,,1,25.4,2020-4-12 23:31
a0a44a12a4f848b096389979ac7ea552,b80dcc276d8b4451b01acd3cb4780cfa,118.266915,38.573331,",,",秦皇岛市,741,72.42,17.6,1,17.5,1,26.9,2020-4-12 22:13
1569138cd99841499a30e2aca4984aac,dcd53781fe074c4599e983a19e4c2fdd,119.444342,40.116051,河北省,葫芦岛市,94.5,13.0,6,75.0,0,,1,26.4,2020-4-12 8:33
3ee7ea3206a4496b84cab58ce41e03ea,e81a6880b5e14633a42f83601c458f9d,119.812288,40.510397,辽宁省,朝阳市,152.7,95.0,1,57.2,0,,1,14.9,2020-4-12 3:55
5a29af697cdb439b8e3393b6ac6631ee,2e8374bebeee4619b7027fff2c128c65,120.180234,41.67948,辽宁省,朝阳市,143.2,71.5,1,80.8,1,9.7,3,24.2,2020-4-12 17:16
8a002782cc77479ca133999601940aeb,57269d86f8994430b761a48cf1854dca,120.401001,41.899782,辽宁省,通辽市,24.4,21.9,1,05.1,1,3.5,2,23.6,2020-4-12 19:21
99a87c4f034f4454b99e24cbd7566999,00edf17e46674df6b578880ff547d182,120.842536,42.719116,内蒙古自治区,汉中市,114.3,86.5,6,22.2,0,,1,14.3,2020-4-12 15:22
477b2dffc65d4006a723c7fb65033d92,932a9b0f55584b26923496b1e6d77fa5,108.038018,32.566151,陕西省,西安市,34.6,29.5,9,09.6,1,13.6,1,25.6,2020-4-12 23:31
41eb6856a41747c8a0a7584eab3e3841,80a37f2c3a15496db5e9524798f3808c,109.068266,34.232696,陕西省,西安市,48.1,27.5,7,13.4,0,,1,26.3,2020-4-12 22:13
19d4d487cb6e487398672127883de8fd,a95315a8ddc5460ebd9a246333cec507,109.068266,34.232696,陕西省,咸阳市,19.3,06.0,7,12.7,1,6.2,1,0.3,2020-4-12 18:07
5108acc1a56e4dc7b87da06e0d20fac9,af1da3b2e0764bdfb1ced439061e7b5f,108.921088,34.537755,陕西省,西安市,62.6,16.1,10,36.8,0,,1,20.8,2020-4-12 22:59
33228d461c4b4ad8b31c93999f71116e,8dd14d0546524fd8b9b5c5e7747f7253,109.068266,34.232696,陕西省,咸阳市,26.3,21.4,1,17.0,1,12.9,2,7.6,2020-4-12 12:24
7b0cb8e47e14428db7ac49280b864929,4032479a59bd49859ab81569f636a89f,108.921088,34.537755,陕西省,咸阳市,52.7,32.4,3,34.1,1,16.9,1,24.9,2020-4-12 11:13
5866b30fcf944f5aa2697f4285acd6e2,2e103de656f94b94bbacd9425a9a07cd,108.185196,34.354854,陕西省,商洛市,162.5,75.0,9,79.9,1,1.3,2,16.0,2020-4-12 10:27
c58fd1171bd04a5093403afa706e01e0,7b5781b916b64cf6971708c42ff2aec1,110.319282,33.434314,陕西省,安康市,57.1,33.5,4,19.9,0,,1,19.3,2020-4-12 1:07
9d5959284d4e4df28fd3801bd6d870bc,9c098c423edf47cca26497fcb1de65b0,109.509801,32.566151,陕西省,南阳市,67.9,51.0,9,07.6,0,,1,0.5,2020-4-12 6:49
cba42a29da0843fab95dafa181d0a480,997056f8912e46098100df548913b512,111.864655,32.566151,河南省,开封市,53.3,47.4,6,00.3,0,,4,13.4,2020-4-12 2:29
143440a6eac64b5c88d43a29e721173b,4cbc68d841c04eb0a7c37233abfe64dc,114.14592,34.537755,河南省,新乡市,92.1,76.8,9,24.5,1,18.5,4,18.4,2020-4-12 16:39
7f707791d42d4955871fafd3894e3e45,5dc0a141dee24bdf990c209fba9574aa,113.704385,35.02351,河南省,安阳市,123.3,40.4,8,75.1,0,,4,3.6,2020-4-12 7:49
38ac2d2f49874c8ebcf74ac2e357e6f6,ca694d24a40d4800b10ea732c9304984,114.808223,35.626631,河南省,安阳市,88.2,09.7,1,83.1,1,5.1,1,1.5,2020-4-12 0:36
30e688c2011f4414bf20370c1dd5ff30,f16a0b1d629b4de7aa5231178be7a5eb,114.808223,35.626631,河南省,赣州市,91.1,63.6,5,29.3,1,6.7,1,10.6,2020-4-12 20:03
de65ae204bd24c67aed39b33fd6d89e3,01f7d6966988400fa633e7c42707a826,114.955401,25.123096,江西省,抚州市,125.9,63.2,8,54.4,0,,1,20.7,2020-4-12 14:54
4247d1e17f584c5aa77fcf216221442f,4d067aaf4250454d8cec4ad807d6a7df,116.795131,28.03415,江西省,三明市,99.6,26.8,6,66.3,0,,3,2.0,2020-4-12 17:47
bc301a92b45e4678997490f9d455b04a,c4d388ba67a749ca849017f433c7ae8c,118.414093,26.256666,福建省,广州市,44.6,44.7,2,05.7,1,8.1,1,16.5,2020-4-12 5:32
b362b5fabb034d1599e2877f0906a4af,6d7bc7dfe05e4ae9aa362bf7218a2a71,113.557207,22.89232,广东省,云浮市,130.6,51.3,10,69.6,0,,1,20.5,2020-4-12 21:13
26644166b3ec4a87b641d3693ba41e8c,fc100d87fadd445c9a3df36c27a17d08,112.232601,23.028621,广东省,柳州市,142.4,53.8,8,80.4,0,,3,9.0,2020-4-12 12:11
342de330073543f8862ad9c59c7d05e8,6ef11a42b1844d579532c9de2c4fffa0,109.583391,24.585916,广西壮族自治区,桂林市,121.5,49.6,6,66.3,0,,4,2.1,2020-4-12 3:13
6ff6c2d7fe1b4daa843763700c24fbff,8b84a80ef9814d7b9cb3f9970e60251c,109.877747,25.59118,广西壮族自治区,怀化市,80.2,31.7,4,58.4,1,14.0,1,0.3,2020-4-12 19:42
149f09f1dcaf42b8bb039f44e1985dc4,6c50316cb9cd4c1e8c16071f579cf1eb,109.951336,26.786298,湖南省,遵义市,67.1,28.5,5,33.7,0,,1,10.4,2020-4-12 8:33
a96b662fcbea4d13a416c6c9b8b94db9,a53e97ab674b4bff9c4336f45bfea83d,107.007769,27.772631,贵州省,重庆市,74.5,51.2,9,13.9,0,,1,12.9,2020-4-12 3:55
4d3580bb8c5440e3b8b84fd174be5654,96a213e19188430aa6ef67cd60637d98,106.713412,29.460946,重庆市,重庆市,141.5,57.5,3,81.8,1,0.9,4,29.1,2020-4-12 17:16
98229787b26f48a19162b226be962096,e3706da79bfa42e186fadccd572af9d4,107.964428,29.910763,重庆市,甘孜藏族自治州,31.6,14.9,6,11.1,0,,1,5.9,2020-4-12 19:21
94d00a53c72e4408be2b1da284d5c8ae,e35d3b82bf8a4fa495cb641759cd4beb,102.224472,29.653974,四川省,重庆市,49.5,19.3,4,25.7,0,,3,29.5,2020-4-12 15:22
2c303ded4b0a411cb04c62691b74a445,57c90eafff4b46c0822b2665581aeea4,107.890839,29.52533,重庆市,绵阳市,110.7,80.4,3,32.8,1,5.3,1,17.6,2020-4-12 23:31
a471d09ccbde4972bdd8d4db403910ca,ceff36437b8d422089685c5a7140a6c2,105.09445,30.804248,四川省,,180.6,913,3,861,0,,2,26.1,2020-4-12 22:13
d928d36b381244599af844393c9bad89,aa8b2c302e414d72a499a7de5a3aaa68,98.986548,32.690701,四川省,甘孜藏族自治州,133.4,28.9,9,95.7,0,,1,23.3,2020-4-12 18:07
fb2d07415eee4d7baa0d19b3d08e81af,004283bd3c6d4baca8b66d104cdc89f7,102.003704,32.690701,四川省,阿坝藏族羌族自治州,185.9,92.7,6,95.1,1,7.8,1,29.1,2020-4-12 22:59
a87e90f7c05a4897b6ae65f782708bdc,3a595972ba4d4587b2a2309a82b8f8cd,111.349531,33.619223,河南省,南阳市,175.4,77.8,6,92.1,0,,1,1.2,2020-4-12 12:24
01940a489ee24cdf9ea631364aeca70a,5b1b4c9c005449d79f305f2d6dac1796,111.496709,33.557631,河南省,南阳市,128.2,39.1,9,84.5,1,4.4,1,23.9,2020-4-12 7:57
a857ab415f9145708c0f12fe33a52644,d6537bdd1c954440b5ff5bb60452f94f,100.384742,34.962949,青海省,海南藏族自治州,80.1,19.5,8,60.4,1,7.5,1,24.0,2020-4-12 13:44
0d92d9418932441ca5ebd89dfac4951d,7843345688ae408c97587ad71c88930c,98.986548,35.50637,青海省,果洛藏族自治州,135.3,80.8,8,54.2,1,7.5,1,24.6,2020-4-12 5:58
101e66b085534136b2486539cd483dde,0c83da5f9bde47608d242928ecebd213,102.003704,35.80668,青海省,黄南藏族自治州,94.6,48.1,8,39.0,0,,1,1.1,2020-4-12 11:13
36563384ff2c4107bf478d0452421d1f,99d545fdd3db406b97b494e077fc3919,106.345466,35.80668,宁夏回族自治区,固原市,123.1,22.2,4,97.3,0,,3,29.4,2020-4-12 10:27
1940df0db0464b68bf45d67ab61792c4,08da2b56224f4c81801c717bf552c4a1,110.760818,36.700748,山西省,临汾市,96.0,60.5,4,31.9,0,,1,6.4,2020-4-12 1:07
ef7a31fdb1894d69987fee5de05a9ce1,eb1a727a8ccd4b10948fafceca57ebe4,110.760818,36.700748,山西省,临汾市,37.6,03.3,9,27.1,1,2.0,1,16.8,2020-4-12 6:49
cdcafdae71564eb5a6ebf51521b2222a,a63923049a1945c6b5bf686715e2c73f,106.271877,37.232218,宁夏回族自治区,吴忠市,66.2,00.1,7,65.1,1,6.2,3,4.3,2020-4-12 2:29
a204b9c14cb94835b67f5591f6f007b5,607e5aa6e7fc4121bb8c47c4eb1090a6,116.647953,39.320407,河北省,廊坊市,67.5,11.4,9,46.6,0,,2,13.4,2020-4-12 16:39
6b1594d9057d4aaaa4b49b44038c3822,778f3bd0962443439911085f006178ad,106.271877,37.232218,宁夏回族自治区,吴忠市,117.1,86.6,3,31.2,1,3.2,2,3.9,2020-4-12 7:49
e3752e990de7424a998e2c203aee120c,f6d2ee8d871b4e10970d014101c80b45,108.332374,35.80668,甘肃省,庆阳市,78.8,43.0,1,34.5,0,,2,30.0,2020-4-12 0:36
06cee6cb4f4e41fab04ddd204f37df6a,fb5ea8924e1e4a6dae11f5f975a0832a,105.462396,36.046107,宁夏回族自治区,固原市,106.5,19.0,3,84.7,0,,1,10.4,2020-4-12 20:03
7dc2090606d540e4b1d0ce6b26add15e,742f3ccb8bf74ce086915f7aac4566c8,100.531921,36.46334,青海省,海南藏族自治州,49.5,04.7,1,43.7,0,,1,7.2,2020-4-12 14:54
da6378c8abd14ecb959f6600ce064d7a,6bae28b641de48d5ac55e2bfca932b6f,98.177067,33.865147,四川省,甘孜藏族自治州,75.9,64.4,7,07.4,1,2.9,3,12.8,2020-4-12 17:47
582d4f8263954f2dade410cab6c4b590,78d8dbf0c8294eb6ae0b6d80d00058be,110.319282,37.232218,陕西省,榆林市,150.9,94.5,4,72.4,1,19.9,1,28.2,2020-4-12 5:32
60aa2c404442402f80d5f597c5662e7b,5242936ed36343609b4e61a3f34c61ae,119.32016,30.190861,浙江省,杭州市,164.8,72.4,3,89.5,0,,1,21.9,2020-4-12 21:13
5ec46ca07e744c8c89ee779a2f64a95a,86a2514bf67e492d843db9d3971bac58,119.172982,29.420686,浙江省,杭州市,114.5,68.3,1,45.0,0,,4,8.5,2020-4-12 12:11
5cd5b4b8174341baafa5870db50c6ac3,13e93a96d6ed4ed8a79cd909d52d2cb3,115.567111,30.350558,湖北省,黄冈市,95.3,48.3,9,57.5,1,19.1,1,8.7,2020-4-12 13:44
089a5b4f8c3c4fcb86b295310f33f7a6,bc490361a96f45b8a0a3b1c11549dfb7,115.493522,31.113428,湖北省,黄冈市,176.5,86.9,1,96.4,1,8.0,2,5.8,2020-4-12 5:58
e8601bdd9dc44d9bb71720d54cd8d771,918dee97e3494c3884503b42ddf64464,115.567111,30.158891,湖北省,黄冈市,125.3,21.1,7,96.9,0,,4,15.0,2020-4-12 11:13
f6b25a9e5aa049eeb597106e9a782b24,23089ac455af47039699eb28d639f247,115.640701,29.966846,湖北省,黄冈市,102.2,04.8,8,89.2,0,,1,25.0,2020-4-12 10:27
1eebc780e42043fdb10133a7c679b656,a541715bf8ad47df9dc026aac48b4708,117.701198,28.677022,江西省,上饶市,40.0,33.1,5,20.9,1,19.0,1,23.8,2020-4-12 1:07
35362a814b96451fbad897d0e667c680,bbba83508d9f4fbbaa8e1d4533d2cab6,117.554019,28.286885,江西省,上饶市,102.7,66.4,9,29.1,1,1.7,4,4.4,2020-4-12 6:49
1203be6c11644cadb48c1814a5ac4ace,303aaccd937540259c6a8929489cdeff,116.59736,28.156516,江西省,抚州市,112.4,98.5,7,06.9,0,,1,27.6,2020-4-12 2:29
a790a8b964f74f3e9da21979355414b2,b29f7d71765c4056acca91295c14d878,112.329187,28.091272,湖南省,长沙市,111.4,94.6,7,10.0,0,,2,8.9,2020-4-12 16:39
4bbd08d1f1944eababf251de02af6cf1,73a3b93e47564286b5635ae93156a01c,109.900744,29.452896,湖南省,张家界市,134.0,55.2,4,74.9,0,,3,3.9,2020-4-12 7:49
8e6a2c68656440a5a5a01a5add518921,050fb5fd4c814e3986beed6b6c1b025f,108.870495,30.350558,湖北省,恩施土家族苗族自治州,58.8,23.0,7,28.8,0,,1,6.6,2020-4-12 17:47
d4d406321daf4b99b48604795bc9b79a,10c8e2f788c146f2aed68443386e595f,108.208193,31.239978,重庆市,重庆市,124.5,85.9,6,52.2,1,19.6,1,18.5,2020-4-12 5:32
893f2e77342d46e183284a9f01b509d1,b0ca7bad0fba4cca8b8864e53400a2f5,108.42896,31.176724,重庆市,重庆市,85.9,21.9,4,59.8,0,,2,27.2,2020-4-12 21:13
c81145b934aa4deea0bfd02520e02c10,c04d2214a3474084b4b9d88a70b10d23,105.70616,31.681555,四川省,广元市,29.2,14.1,1,14.5,1,0.5,1,11.6,2020-4-12 12:11
51e903d14a15409fb8f9f4370593bad1,c2e31c53dc074051a03c78a471887851,108.134603,30.986707,重庆市,重庆市,22.3,05.0,8,08.9,0,,1,9.7,2020-4-12 3:13
f316532f951e431cb4351dda8101e546,ae5c114b4c014634840c24373bcb83bb,103.719252,26.314714,云南省,曲靖市,79.1,46.5,3,40.8,1,11.1,3,13.3,2020-4-12 19:42